feature_mz,scils_interval_half_width_da,search_half_width_da,01_peak_mz,01_peak_intensity,02_peak_mz,02_peak_intensity,03_peak_mz,03_peak_intensity,04_peak_mz,04_peak_intensity,05_peak_mz,05_peak_intensity,mean_peak_mz,mean_peak_intensity
57.0346,0.0011406919999999,0.000570346,57.03463832220387,40.160320653426,57.034538322203865,43.04694314392097,57.03463832220387,43.505376645759526,57.03463832220387,44.1811724488401,57.03463832220387,45.01435030876431,57.03463832220387,43.18133547742333
58.0302,0.001160603999999,0.000580302,58.029838322236905,56.43689130120601,58.029838322236905,58.364069248208246,58.029838322236905,58.44063074188102,58.029838322236905,58.38950173185573,58.029838322236905,58.95096173224577,58.029838322236905,58.11641095107935
59.0139,0.0011802779999996,0.000590139,59.01383832226957,184.5513200727301,59.01383832226957,215.91981510667503,59.01383832226957,223.73308196421408,59.01383832226957,232.3828991962723,59.01383832226957,240.97418811242025,59.01383832226957,219.51226089046236
67.0191,0.0013403819999951,0.0006701909999999999,67.02303832253546,68.96246060960367,67.02303832253546,69.02800291073824,67.02303832253546,68.20943064526237,67.02303832253546,67.60833094947095,67.02303832253546,68.45201345951685,67.02303832253546,68.45204771491842
68.0143,0.0013602859999935,0.000680143,68.01393832256835,99.80643680647528,68.01393832256835,89.06459222969056,68.01393832256835,81.9277738310211,68.01393832256835,78.46184050725242,68.01393832256835,75.53020392040126,68.01393832256835,84.95816945896813
68.9977,0.0013799540000008,0.0006899769999999999,68.99773832260101,182.56043176321631,68.99773832260101,170.32507165962568,68.997638322601,166.17253592633526,68.997638322601,168.6905544615142,68.997638322601,170.8920497325054,68.997638322601,171.69527504656858
69.0346,0.0013806919999979,0.000690346,69.03453832260223,291.08983447827194,69.03453832260223,269.45127007962094,69.03453832260223,257.3910809332804,69.03453832260223,254.82499235794185,69.03453832260223,250.92978470563511,69.03453832260223,264.73739251095003
70.0061,0.0014001220000068,0.0007000610000000001,70.01003832263461,101.08175658941664,70.01003832263461,89.72376019589343,70.01003832263461,85.8408021799738,70.01003832263461,83.76871485239039,70.01003832263461,82.32394754719225,70.01003832263461,88.5477962729733
70.0299,0.0014005980000036,0.0007002989999999999,70.02963832263526,268.2563861609777,70.02963832263526,254.27663709738343,70.02963832263526,243.91569064487496,70.02963832263526,233.92772698797063,70.02963832263526,229.2459988324216,70.02963832263526,245.92448794472566
71.014,0.0014202800000049,0.00071014,71.01363832266793,836.3719702442913,71.01363832266793,883.8277584761436,71.01363832266793,906.3802611593774,71.01363832266793,942.3707560594067,71.01373832266793,982.0559447014148,71.01363832266793,910.1193556708777
71.0503,0.0014210060000011,0.0007105029999999999,71.04633832266902,42.10526668999572,71.04633832266902,43.472948535879,71.04913832266911,44.6134739273521,71.04923832266911,45.97795904025568,71.04953832266912,47.15490404165474,71.04633832266902,44.49514242445322
72.0091,0.0014401819999961,0.000720091,72.00513832270084,80.91893796081614,72.00873832270096,85.56633892152287,72.00873832270096,87.7218744205528,72.00873832270096,90.20621319966531,72.00883832270097,92.7896323287994,72.00873832270096,87.2610319341666
72.017,0.001440340000002,0.00072017,72.0130383227011,67.32319828519724,72.0130383227011,71.01367120559674,72.0130383227011,72.93645428415054,72.0130383227011,74.8874054131197,72.0130383227011,77.04299872134068,72.0130383227011,72.64074558188098
72.9933,0.0014598660000047,0.000729933,72.99723832273378,98.10724643056318,72.99723832273378,94.30074355871818,72.99723832273378,88.6844137965423,72.99723832273378,86.36974165094595,72.99723832273378,84.3626366569481,72.99723832273378,90.36495641874355
73.0294,0.0014605880000005,0.0007302939999999999,73.02943832273485,277.40136235312843,73.02943832273485,333.19531282155793,73.02943832273485,355.830060318119,73.02943832273485,370.145774284372,73.02943832273485,390.6305824841737,73.02943832273485,345.44061845227026
74.0246,0.0014804919999989,0.0007402460000000001,74.02463832276788,164.70462052682217,74.02463832276788,192.32039139209863,74.02463832276788,206.09449406374387,74.02463832276788,215.23008331136916,74.02463832276788,225.3450009382437,74.02463832276788,200.7389180464555
75.0086,0.001500171999993,0.000750086,75.00853832280055,124.60181917915902,75.00853832280055,110.287611420272,75.00853832280055,101.2335760879974,75.00853832280055,97.21992968434134,75.00853832280055,93.348015435674,75.00853832280055,105.33819036148876
77.0394,0.0015407879999998,0.000770394,77.03943832286797,86.86718566521782,77.03943832286797,91.70893911485456,77.03943832286797,88.02749344112425,77.03943832286797,92.73001215571192,77.03943832286797,96.74884077024376,77.03943832286797,91.21649422943045
78.9684,0.0015793679999945,0.0007896839999999999,78.96443832293187,21532.44979091489,78.96443832293187,28685.789946955567,78.96443832293187,31494.922490065244,78.96443832293187,33193.543550241,78.96443832293187,35250.58758170587,78.96443832293187,30031.45867197651
79.0114,0.0015802279999946,0.000790114,79.0074383229333,112.30107327241576,79.0074383229333,110.3344271572068,79.0074383229333,131.22110341194292,79.0074383229333,134.92822531784284,79.0074383229333,150.18793423882263,79.0074383229333,127.7945526796462
79.0189,0.0015803779999999,0.0007901890000000001,79.01853832293367,106.32957409075772,79.01823832293366,101.38917784113838,79.01813832293365,99.76179683821888,79.01813832293365,99.982357427191,79.01773832293364,100.97114212076984,79.01813832293365,101.61608789291667
80.9638,0.0016192759999996,0.000809638,80.96423832299826,486.3886679793733,80.96423832299826,517.991995779711,80.96423832299826,536.4210519930351,80.96423832299826,537.6524258871079,80.96423832299826,549.8538668468345,80.96423832299826,525.6616016972124
81.0217,0.001620434000003,0.000810217,81.0256383230003,57.60234768362729,81.0256383230003,58.40199262996512,81.02253832300019,58.902496482708166,81.02253832300019,58.747168714797,81.02253832300019,58.75305925977421,81.0226383230002,58.13117938452051
82.0298,0.0016405960000014,0.000820298,82.02973832303363,186.5538041645804,82.02973832303363,209.57864785893855,82.02973832303363,217.90019486492105,82.02973832303363,216.72184318589365,82.02973832303363,219.25479195870292,82.02973832303363,210.00185640660735
83.0139,0.0016602780000028,0.0008301390000000001,83.01783832306643,111.91774150342168,83.01783832306643,111.01659614786398,83.01783832306643,109.3684161177588,83.01783832306643,107.09671132345052,83.01783832306643,106.30743580838818,83.01783832306643,109.14138018017664
83.0504,0.0016610079999992,0.0008305039999999999,83.0499383230675,65.83813777670936,83.0499383230675,67.10521963571755,83.0499383230675,63.07152465476958,83.0499383230675,61.97454686672194,83.0499383230675,60.23824767917084,83.0499383230675,63.64553532261785
84.0215,0.0016804299999933,0.0008402150000000001,84.02103832309973,87.49316938134889,84.02103832309973,87.04013248012684,84.02113832309973,85.56142838159481,84.02143832309974,85.68390985208327,84.02143832309974,85.47065140754725,84.02113832309973,86.20619772752787
84.0454,0.0016809079999973,0.0008404539999999999,84.04543832310054,126.97879004938667,84.04543832310054,147.48253173624835,84.04543832310054,158.19232086221092,84.04543832310054,163.7697932393125,84.04543832310054,170.629196289012,84.04543832310054,153.4105264352341
85.0294,0.0017005880000056,0.000850294,85.0294383231332,321.4719026225189,85.0294383231332,334.00628905062285,85.0294383231332,338.29473576751514,85.0294383231332,345.5890214548917,85.0294383231332,358.00720502898696,85.0294383231332,339.47383078490714
85.0409,0.0017008180000033,0.0008504089999999999,85.03693832313346,213.82565682929868,85.03693832313346,217.46840598765684,85.03693832313346,216.104688905784,85.03693832313346,215.50722695089456,85.03693832313346,217.89605821126707,85.03693832313346,216.16040737698023
86.0017,0.0017200340000016,0.000860017,86.00173832316548,114.90728490706653,86.00173832316548,107.49996610644313,86.00173832316548,100.41395464352787,86.00173832316548,98.46958617252652,86.00173832316548,95.81227921600602,86.00173832316548,103.42061420911402
86.0245,0.0017204899999967,0.000860245,86.02453832316624,199.19513789574856,86.02453832316624,226.04840458248208,86.02453832316624,231.7479924507853,86.02453832316624,239.1740405330509,86.02453832316624,242.57540710109143,86.02453832316624,227.7481965126317
86.0611,0.0017212220000005,0.000860611,86.05713832316732,39.91859415306948,86.05713832316732,41.61614657273924,86.05713832316732,43.138224217970816,86.05713832316732,43.921628883665576,86.05713832316732,44.19341850360117,86.05713832316732,42.55760246620926
87.0086,0.0017401719999981,0.0008700860000000001,87.00863832319891,553.436106234513,87.00863832319891,545.7627114357945,87.00863832319891,536.3884042763557,87.00863832319891,539.3216451745719,87.00863832319891,544.6404330684194,87.00863832319891,543.9098600379309
87.0452,0.0017409040000018,0.000870452,87.04913832320025,74.39663895373536,87.04913832320025,82.29929465236287,87.04913832320025,83.73709463344171,87.04913832320025,82.489814014076,87.04913832320025,82.95414064649923,87.04913832320025,81.17539658002303
87.0561,0.0017411219999985,0.0008705610000000001,87.05613832320049,102.27662704425376,87.05603832320048,112.87717961209928,87.05613832320049,114.51112004585468,87.05613832320049,111.61072695023506,87.05613832320049,111.18401217590592,87.05613832320049,110.49069902724516
88.0405,0.0017608099999933,0.000880405,88.04013832323315,210.54895686104027,88.04013832323315,477.5863696396802,88.04013832323315,638.0328391014261,88.04013832323315,756.2959789044498,88.04013832323315,918.1979603602748,88.04013832323315,600.1324209733742
88.9881,0.0017797619999982,0.0008898810000000001,88.99203832326475,36.12204912368805,88.98853832326463,47.71939055344036,88.98843832326463,53.24407166834653,88.98853832326463,55.27518195377188,88.98853832326463,57.55064967188992,88.98853832326463,49.714311832920146
89.0246,0.0017804919999946,0.0008902460000000001,89.02413832326582,244.5776558860404,89.02413832326582,425.5743282144272,89.02413832326582,493.5368592204481,89.02413832326582,566.7170607076621,89.02413832326582,630.9577988168838,89.02413832326582,472.2727405690924
89.0437,0.0017808740000049,0.000890437,89.03973832326633,81.12271763535456,89.03973832326633,92.4963986918874,89.03973832326633,94.56857633399478,89.03973832326633,98.31416115169016,89.03973832326633,103.84226391993496,89.03973832326633,94.06882354657236
90.0097,0.0018001939999976,0.000900097,90.00973832329854,170.55583069394262,90.00963832329853,190.6997202363397,90.00963832329853,185.894478259557,90.00963832329853,185.78105907128136,90.00973832329854,185.4795132589288,90.00963832329853,183.6686796829192
90.0282,0.0018005640000069,0.000900282,90.03213832329928,173.09621950297492,90.03213832329928,173.36575437507133,90.03213832329928,157.3937665148837,90.03213832329928,152.61032732835983,90.03213832329928,143.90894118649558,90.03213832329928,160.0750017815571
93.0459,0.0018609180000055,0.000930459,93.0418383233992,236.62036367292455,93.0418383233992,250.43489810130015,93.0418383233992,232.3949211274227,93.0418383233992,220.68188364660455,93.0418383233992,210.4975071038633,93.0418383233992,230.12591473042303
94.0299,0.0018805979999996,0.000940299,94.02943832343198,141.71369640972725,94.02943832343198,136.2048776108559,94.02943832343198,129.75604737556623,94.02943832343198,127.2850664793082,94.02943832343198,123.47579227990758,94.02943832343198,131.68709603107305
95.0138,0.0019002760000006,0.000950138,95.0179383234648,148.50148473601516,95.0179383234648,145.8168138352563,95.0179383234648,138.64728836187516,95.0179383234648,135.68699116822523,95.0179383234648,133.3866384405457,95.0179383234648,140.40784330838352
95.0252,0.0019005040000053,0.000950252,95.024338323465,170.51396057007386,95.024338323465,165.09575060106397,95.024338323465,156.71987071316616,95.024338323465,150.6286300510603,95.024338323465,147.28532686509678,95.024338323465,158.0487077600922
95.9524,0.0019190480000049,0.000959524,95.95653832349596,334.5418503735433,95.95653832349596,367.4197601413262,95.95653832349596,383.1023663609327,95.95653832349596,392.8293152933985,95.95653832349596,401.7941681132374,95.95653832349596,375.93749205648766
95.9615,0.0019192299999986,0.000959615,95.96153832349611,574.7413260634894,95.96153832349611,621.5007897639816,95.96153832349611,629.9891918273634,95.96153832349611,646.1062430532252,95.96153832349611,650.4115331272801,95.96153832349611,624.5498167670679
96.0215,0.0019204299999984,0.000960215,96.01733832349797,1296.2053784112466,96.01733832349797,1508.9799868552352,96.01733832349797,1352.2093162433614,96.01733832349797,1276.9041887404685,96.01733832349797,1179.9934298899964,96.01733832349797,1322.8584600280615
96.0455,0.0019209099999955,0.000960455,96.04503832349889,163.3332205698251,96.04503832349889,156.77712092778026,96.04503832349889,150.43727836235936,96.04503832349889,145.3983488966352,96.04503832349889,142.14554071930195,96.04503832349889,151.61830189518037
96.9696,0.001939391999997,0.000969696,96.96953832352958,10454.854230789351,96.96913832352956,12725.351127594267,96.96953832352958,13769.143955146425,96.96913832352956,14387.457317973456,96.96533832352944,15517.241782452576,96.96913832352956,13303.64771792119
97.0292,0.0019405839999962,0.000970292,97.02493832353142,3484.631062591764,97.02493832353142,3420.2565718847195,97.02493832353142,3107.6296957070917,97.02493832353142,2938.3307792958485,97.02493832353142,2752.158361715915,97.02493832353142,3140.6012942390676
97.0409,0.0019408179999942,0.0009704089999999999,97.0366383235318,428.83279182663824,97.0366383235318,410.257181838457,97.0366383235318,407.4780162508868,97.0366383235318,407.6115199130462,97.0366383235318,409.27428200120266,97.0366383235318,412.69075836604617
97.974,0.0019594799999965,0.00097974,97.97823832356306,222.89637153987243,97.97823832356306,217.89754479917116,97.97823832356306,220.43522490523463,97.97823832356306,216.96706073563797,97.97823832356306,211.86611256502653,97.97823832356306,218.01246290898854
98.0245,0.0019604900000019,0.000980245,98.02023832356446,1022.7252019018302,98.02023832356446,1044.1865233452206,98.02023832356446,955.0147983191268,98.02023832356446,905.785620683353,98.02023832356446,858.8884338674326,98.02023832356446,957.3201156233927
98.0608,0.001961215999998,0.000980608,98.0607383235658,84.00611855780217,98.0607383235658,82.62453817034726,98.0607383235658,81.66026097056617,98.0607383235658,79.81267959897308,98.0608383235658,78.35230698099112,98.0607383235658,81.28956505852712
98.974,0.0019794800000028,0.00098974,98.97833832359626,108.3810910889398,98.9735383235961,126.87056243558526,98.96973832359598,140.8280858500737,98.96973832359598,150.79288953384756,98.96973832359598,166.94964588248695,98.96973832359598,134.4512576873231
99.0077,0.0019801539999946,0.000990077,99.00763832359723,1203.3366843809802,99.00763832359723,1174.9198262636023,99.00763832359723,1101.0952761093945,99.00763832359723,1059.3697254796543,99.00773832359724,1018.555848132164,99.00763832359723,1111.339955020356
99.0453,0.001980906,0.000990453,99.04963832359864,135.10126084101915,99.04963832359864,146.77607025165423,99.04963832359864,149.49699558465105,99.04963832359864,151.27365014200376,99.04963832359864,152.13101003029493,99.04963832359864,146.95579736992462
99.0562,0.0019811239999967,0.000990562,99.05613832359884,190.38116591243883,99.05613832359884,203.9353641704953,99.05613832359884,210.84166580667917,99.05613832359884,211.7292322482123,99.05613832359884,213.95653889304245,99.05613832359884,206.16879340617362
100.0042,0.0020000840000023,0.0010000419999999998,100.00853832363046,192.2441850606621,100.00853832363046,188.46980990828888,100.00853832363046,186.56292784756224,100.00853832363046,188.80019103286028,100.00853832363046,190.42599534726,100.00853832363046,189.3006218393267
100.0402,0.002000804000005,0.001000402,100.04013832363152,220.9566273840418,100.04013832363152,214.464155031099,100.04023832363151,208.04252616432305,100.04023832363151,206.4793345742644,100.04023832363151,205.17221334971885,100.04023832363151,211.00490195814206
101.0118,0.002020236000007,0.001010118,101.01623832366391,204.15407739625348,101.01623832366391,236.9215981567757,101.01623832366391,249.3253649405617,101.01623832366391,264.9404924181551,101.01623832366391,277.21318617694146,101.01623832366391,246.5109438177375
101.0244,0.0020204879999994,0.001010244,101.02883832366432,567.6725169918401,101.02883832366432,636.5674854288263,101.02883832366432,636.2816098096479,101.02883832366432,650.9795980331435,101.02883832366432,659.6450180985794,101.02883832366432,630.2292456724074
101.0608,0.0020212160000028,0.0010106079999999999,101.05643832366523,162.52520051689942,101.05643832366523,159.6829157286102,101.05643832366523,152.97767303377177,101.05643832366523,148.80489381461584,101.05643832366523,143.85599069996553,101.05643832366523,153.56933475877256
101.0719,0.0020214379999999,0.001010719,101.06753832366562,68.16298296162478,101.07143832366576,84.42109271402816,101.07143832366576,95.26976869194692,101.07143832366576,98.71679761077787,101.07183832366576,104.2772336165842,101.07143832366576,89.56887820708637
102.028,0.0020405599999975,0.0010202800000000001,102.03243832369763,165.14812301634532,102.03243832369763,147.68933883558566,102.03243832369763,135.02638741237269,102.03243832369763,134.85178093162054,102.03243832369763,129.7778143117053,102.03243832369763,142.4986889015259
102.0561,0.0020411219999943,0.0010205610000000001,102.05563832369842,278.74757870853733,102.05563832369842,417.688882568672,102.05563832369842,467.0051565124237,102.05563832369842,487.3884359319204,102.05603832369844,535.8112158513194,102.05563832369842,437.1293154516352
103.0034,0.0020600680000058,0.0010300340000000002,103.00293832372986,105.51978770630105,102.99893832372972,88.56949236453912,103.00283832372986,79.01083013159085,103.00293832372986,74.51552283582598,103.00293832372986,70.94211917154784,103.00293832372986,83.60950572145512
103.04,0.0020607999999953,0.0010304000000000001,103.03993832373108,48.41955244126221,103.0400383237311,49.362997621717945,103.0400383237311,49.236970481306685,103.0400383237311,50.017786438718296,103.0400383237311,50.5818502224356,103.0400383237311,49.52335533828447
103.0591,0.0020611820000056,0.001030591,103.0549383237316,48.72101380488752,103.0554383237316,51.8021403638036,103.0555383237316,51.45867277715046,103.05593832373162,51.48778299962187,103.05643832373164,52.01217633788471,103.0554383237316,51.04945428859599
104.035,0.0020806999999934,0.00104035,104.03453832376412,55.3685929343624,104.03503832376413,59.8081257903378,104.03503832376413,61.78972157236644,104.03503832376413,64.67819214060766,104.03503832376413,68.21258328638726,104.03503832376413,61.966142039020305
105.0196,0.0021003920000027,0.001050196,105.02123832379688,95.3905993139538,105.02113832379686,83.85178576897727,105.02073832379683,79.31833651152299,105.02063832379685,80.31968853420526,105.02063832379685,80.43828380260574,105.02113832379686,83.71523905566025
106.0284,0.0021205679999952,0.001060284,106.0284383238303,296.52124038330635,106.0284383238303,301.3128076851235,106.0284383238303,287.320510190623,106.0284383238303,283.5918320196524,106.0284383238303,281.01274667930386,106.0284383238303,289.9518273916018
107.0362,0.0021407240000002,0.0010703619999999998,107.03623832386376,315.79052778272194,107.03623832386376,355.88392528002146,107.03623832386376,346.8639864065928,107.03623832386376,347.6603973048715,107.03623832386376,350.4424261102428,107.03623832386376,343.3282525768901
108.0455,0.0021609100000006,0.001080455,108.0408383238971,89.64790648221533,108.05023832389742,90.52838708207544,108.05023832389742,87.61630973188173,108.04543832389726,86.11874493242239,108.04553832389726,84.87106186783943,108.04543832389726,87.45889529345479
109.0288,0.0021805760000007,0.001090288,109.02403832392974,345.1415341181702,109.02403832392974,330.1280990897141,109.02403832392974,288.46955289050175,109.02403832392974,274.3397520828984,109.02403832392974,255.46439791908733,109.02403832392974,298.70866722007435
109.0408,0.0021808160000063,0.0010904080000000002,109.04023832393028,259.6674760100056,109.04023832393028,316.0210484243472,109.04023832393028,335.6276107974949,109.04023832393028,340.24757165624135,109.04023832393028,351.0142143826296,109.04023832393028,320.5155842541438
109.9771,0.0021995419999996,0.001099771,109.97713832396138,981.1456136477263,109.97713832396138,924.8858169641742,109.97713832396138,904.9039734211811,109.97713832396138,925.8880890204306,109.97713832396138,912.3654296445098,109.97713832396138,929.8377845396044
110.0244,0.0022004879999997,0.001100244,110.0196383239628,884.6695660364637,110.0196383239628,857.8147316142428,110.0196383239628,796.4034205835948,110.0196383239628,757.3301742644687,110.0196383239628,713.8665926973978,110.0196383239628,802.0168970392335
110.0365,0.0022007299999984,0.001100365,110.0317383239632,265.8831508693844,110.0317383239632,255.50196933267932,110.0317383239632,251.25232267850825,110.0317383239632,240.6092887479325,110.0317383239632,232.06410829208764,110.0317383239632,249.06216798411842
110.0613,0.0022012259999968,0.001100613,110.06073832396416,157.43557965187048,110.06073832396416,135.26275793454798,110.06073832396416,125.13187373261248,110.06073832396416,119.61222723296096,110.06073832396416,115.46122845464534,110.06073832396416,130.58073340132745
110.9758,0.0022195159999967,0.001109758,110.9806383239947,405.1966278041202,110.9806383239947,485.6865665023005,110.9806383239947,528.4418711797417,110.9806383239947,553.4838740603642,110.9806383239947,583.953381205794,110.9806383239947,511.35246415046413
110.9852,0.002219703999998,0.0011098520000000001,110.990038323995,762.7746460620962,110.990038323995,873.8082616018352,110.990038323995,874.301544903438,110.990038323995,873.3049731941907,110.990038323995,869.3751262066777,110.990038323995,850.7129103936475
111.0452,0.0022209039999979,0.001110452,111.04033832399668,262.89630431322,111.04033832399668,257.693819025685,111.04033832399668,236.8265172080956,111.04033832399668,228.248997960946,111.04033832399668,216.0246040248984,111.04033832399668,240.33804850656898
111.9567,0.002239134000007,0.001119567,111.9566383240271,206.77045510989663,111.95623832402708,223.8317098051737,111.9566383240271,225.2199161179753,111.9566383240271,229.74966722968205,111.9566383240271,228.17828282211892,111.9566383240271,222.71771618547828
112.0401,0.0022408020000029,0.0011204009999999998,112.0352383240297,476.1178980459522,112.0352383240297,472.962888132019,112.0352383240297,448.17041387866186,112.0352383240297,434.6843210434344,112.0352383240297,418.6151940762994,112.0352383240297,450.1101430352734
113.0248,0.0022604960000052,0.0011302480000000001,113.02973832406272,4534.526045563954,113.02973832406272,4869.3660319301935,113.02973832406272,4514.732710238516,113.02973832406272,4379.816795410036,113.02973832406272,4140.660119609153,113.02973832406272,4487.820340550371
113.061,0.0022612199999941,0.0011306100000000002,113.0560383240636,1867.6755509999368,113.0560383240636,2023.6610988587715,113.0560383240636,1883.2162954023472,113.0560383240636,1816.811688088802,113.0560383240636,1735.070845239457,113.0560383240636,1865.2870957178627
113.0723,0.0022614460000057,0.001130723,113.06733832406395,207.7447126802049,113.0711383240641,205.2439151102096,113.0711383240641,208.02972180247215,113.0711383240641,199.48961096209808,113.07163832406412,196.34476336508345,113.0711383240641,202.01900998996697
114.0198,0.0022803960000033,0.001140198,114.02473832409576,3142.419166232556,114.02473832409576,3260.720324120893,114.02473832409576,2993.389001722763,114.02473832409576,2894.1809639338044,114.02473832409576,2730.6468256079456,114.02473832409576,3004.2712563235928
114.0557,0.0022811139999988,0.001140557,114.0507383240966,2130.571856436832,114.0507383240966,2160.1955033700165,114.0507383240966,1955.2194641278631,114.0507383240966,1863.9431630380536,114.0507383240966,1743.1740516823777,114.0507383240966,1970.6208077310287
114.9259,0.0022985180000035,0.001149259,114.93093832412583,42.1473801100237,114.92583832412566,67.79708070052898,114.92583832412566,91.3809984819149,114.92583832412566,99.86930201403165,114.92583832412566,119.3901100573952,114.92583832412566,83.85156177694049
115.004,0.0023000799999977,0.00115004,115.00353832412824,284.86301735173384,115.0086383241284,515.9907373142192,115.0086383241284,667.0078323674855,115.0086383241284,756.5590586645127,115.0086383241284,818.3799416384533,115.0086383241284,600.1390295051319
115.0086,0.0023001720000053,0.001150086,115.00363832412825,284.58201701697226,115.0086383241284,515.9907373142192,115.0086383241284,667.0078323674855,115.0086383241284,756.5590586645127,115.0086383241284,818.3799416384533,115.0086383241284,600.1390295051319
115.0207,0.002300414000004,0.001150207,115.02573832412898,196.12020345497248,115.01573832412863,317.40941285423486,115.01573832412863,392.8181226540176,115.01573832412863,437.5903057231462,115.01573832412863,465.31148984997816,115.01573832412863,355.09762475639104
115.0282,0.0023005639999951,0.0011502819999999999,115.03323832412924,513.8925605814032,115.03323832412924,547.6695645731277,115.03323832412924,508.2973950949307,115.03323832412924,496.7263942023789,115.03323832412924,472.1002699524337,115.03323832412924,507.7372368808548
115.0765,0.0023015299999969,0.0011507649999999998,115.0714383241305,126.9105910102026,115.0714383241305,124.1495142509472,115.0714383241305,116.837002435208,115.0714383241305,115.71604136313276,115.0714383241305,113.7947927337516,115.0714383241305,119.48158835864845
116.0072,0.0023201439999951,0.0011600719999999998,116.01183832416172,112.53847198285322,116.01183832416172,116.38471424741624,116.01183832416172,119.06137373158008,116.01183832416172,122.36123481948596,116.01183832416172,124.7873436706093,116.01183832416172,119.02662769038895
116.0118,0.0023202360000028,0.001160118,116.01183832416172,112.53847198285322,116.01183832416172,116.38471424741624,116.01183832416172,119.06137373158008,116.01183832416172,122.36123481948596,116.01183832416172,124.7873436706093,116.01183832416172,119.02662769038895
116.0153,0.0023203060000014,0.001160153,116.01183832416172,112.53847198285322,116.01183832416172,116.38471424741624,116.01183832416172,119.06137373158008,116.01183832416172,122.36123481948596,116.01183832416172,124.7873436706093,116.01183832416172,119.02662769038895
116.0165,0.0023203300000034,0.001160165,116.01183832416172,112.53847198285322,116.01183832416172,116.38471424741624,116.01183832416172,119.06137373158008,116.01183832416172,122.36123481948596,116.01183832416172,124.7873436706093,116.01183832416172,119.02662769038895
116.035,0.0023206999999985,0.0011603499999999999,116.04003832416264,189.9142871220239,116.04003832416264,179.74667062102037,116.04003832416264,165.25690866960048,116.04003832416264,160.3110745229039,116.04003832416264,152.4920273646672,116.04003832416264,169.54419366004316
116.0716,0.0023214320000022,0.0011607160000000002,116.06653832416352,90.17356685126435,116.06653832416352,91.08150572279698,116.06653832416352,89.67778838481162,116.06653832416352,90.50292056441812,116.06653832416352,90.71030225519915,116.06653832416352,90.42921675569804
116.9232,0.0023384640000046,0.0011692319999999999,116.92833832419214,28.44627630113714,116.92323832419196,35.45224455262342,116.92263832419196,42.55593068339794,116.92263832419196,45.13074562519793,116.92263832419196,51.37458278509933,116.92313832419195,40.457161263050835
117.0057,0.0023401140000061,0.001170057,117.01083832419488,226.20894814321244,117.01083832419488,234.58934646361848,117.01083832419488,233.5825562112881,117.01083832419488,233.2384707029892,117.01083832419488,234.5803661590429,117.01083832419488,232.43993753603021
117.0203,0.0023404060000018,0.0011702029999999999,117.0202383241952,472.0064734914756,117.0202383241952,539.2081015896954,117.0202383241952,540.8496538519115,117.0202383241952,543.4993146446801,117.0202383241952,550.2088473261904,117.0202383241952,529.1544781807906
118.0511,0.0023610220000023,0.001180511,118.04593832422924,62.13651572295713,118.04593832422924,63.439442478389694,118.04593832422924,62.37704047025611,118.04593832422924,62.18652890103398,118.04593832422924,62.682682626125,118.04593832422924,62.564442039752386
119.035,0.0023807000000033,0.00119035,119.03553832426208,408.22653716955136,119.03553832426208,452.1508242633788,119.03553832426208,456.93610374438737,119.03553832426208,472.0114928464343,119.03553832426208,487.6704230096117,119.03553832426208,455.3990762066727
120.0385,0.0024007699999942,0.001200385,120.04373832429556,79.70660106867604,120.04373832429556,78.34844823544219,120.04373832429556,74.51935599203772,120.04373832429556,73.42266005953233,120.04373832429556,71.66880094545182,120.04373832429556,75.53317326022803
120.9693,0.0024193859999997,0.001209693,120.96933832432627,574.0769353064593,120.96933832432627,683.752535815765,120.96933832432627,698.227396219892,120.96933832432627,714.7912289577343,120.96933832432627,718.3943638515937,120.96933832432627,677.8484920302888
121.0292,0.0024205840000064,0.001210292,121.0239383243281,737.4530125044172,121.0239383243281,734.2173848562433,121.0239383243281,669.531469802747,121.0239383243281,660.9608567733652,121.0239383243281,651.6343059575083,121.0239383243281,690.7594059788562
121.0401,0.0024208020000032,0.0012104009999999998,121.03483832432846,153.06748948360388,121.03483832432846,153.23929543413382,121.03483832432846,150.4217946769629,121.03483832432846,162.60889317947462,121.03483832432846,178.06580670682877,121.03483832432846,159.4806558962008
121.0522,0.0024210440000019,0.001210522,121.04693832432886,109.02091100987752,121.04693832432886,103.41080267962246,121.04693832432886,97.21913798028082,121.04693832432886,94.00407485524867,121.04693832432886,92.97178319045364,121.04693832432886,99.32534194309662
121.9776,0.0024395519999985,0.0012197759999999999,121.98293832435994,154.93539595314672,121.98293832435994,189.2131895314183,121.98293832435994,191.692523974742,121.98293832435994,197.0044135451125,121.98293832435994,200.31658046939543,121.98293832435994,186.632420694763
122.0245,0.0024404899999979,0.001220245,122.01913832436114,290.91445005984406,122.01913832436114,309.4450837155973,122.01913832436114,295.8201133405563,122.01913832436114,288.5421193548376,122.01913832436114,283.50388002950046,122.01913832436114,293.64512930006714
122.9659,0.0024593180000068,0.0012296590000000001,122.97123832439274,1700.3905516193092,122.97123832439274,2029.5988957792104,122.97123832439274,2058.34689631945,122.97123832439274,2084.226595791805,122.97123832439274,2054.778771704696,122.97123832439274,1985.468342242894
122.985,0.0024597000000028,0.00122985,122.9849383243932,6335.122849032587,122.9849383243932,7251.774737957036,122.9849383243932,7391.495979901728,122.9849383243932,7489.138391161234,122.9849383243932,7470.038529166254,122.9849383243932,7187.514097443767
123.0446,0.002460892000002,0.0012304459999999998,123.04993832439536,133.97908403616762,123.04993832439536,132.75825660364137,123.04993832439536,125.59916536052992,123.04993832439536,121.06818604361496,123.04993832439536,116.16275595151336,123.04993832439536,125.91348959909347
123.0557,0.002461113999999,0.001230557,123.05573832439556,164.9300021938617,123.05573832439556,163.15552334386126,123.05573832439556,158.9403100524942,123.05573832439556,151.59589267988125,123.05573832439556,147.07505001718792,123.05573832439556,157.13935565745726
124.0069,0.0024801379999957,0.001240069,124.00693832442713,14364.76142826968,124.00693832442713,20290.818279037867,124.00693832442713,21816.68047441471,124.00693832442713,19949.45215266635,124.00693832442713,19907.94362253829,124.00693832442713,19265.93119138538
124.0398,0.0024807960000004,0.001240398,124.03443832442804,296.16634114938176,124.03443832442804,412.7077525841829,124.03443832442804,492.53575366903306,124.03443832442804,433.3507709293412,124.03443832442804,466.56387323080986,124.03443832442804,420.26489831254975
124.9892,0.0024997839999941,0.001249892,124.99463832445991,299.7673872712299,124.99463832445991,321.1182886467,124.99463832445991,313.55147153076143,124.99463832445991,299.9882555438266,124.99463832445991,291.0298572201538,124.99463832445991,305.0910520425344
125.0017,0.0025000339999934,0.001250017,125.00233832446015,538.7789528807559,125.00713832446031,619.4615884505403,125.00713832446031,634.8338956721867,125.00713832446031,590.4758158434688,125.00713832446031,581.1413770676502,125.00713832446031,588.0651555288754
125.0248,0.0025004959999961,0.001250248,125.0302383244611,989.8656874951188,125.0302383244611,959.7366631609216,125.0302383244611,892.3475272063761,125.0302383244611,864.8049321551903,125.0302383244611,824.9767986518704,125.0302383244611,906.3463217338955
125.0717,0.0025014339999956,0.0012507170000000001,125.07163832446248,142.1885851827018,125.07163832446248,143.3047021661763,125.07163832446248,141.04605698847544,125.07163832446248,135.5172652562447,125.07163832446248,132.79077202669814,125.07163832446248,138.9694763240593
125.995,0.0025198999999958,0.0012599500000000001,126.0005383244933,600.7651666687146,126.0005383244933,828.7894234464023,126.0005383244933,886.0495959457036,126.0005383244933,812.8085396880082,126.0005383244933,809.2616200383475,126.0005383244933,787.5348691574352
126.0196,0.0025203919999939,0.0012601959999999999,126.02513832449412,305.6413033821514,126.01413832449376,365.5654329497816,126.01413832449376,387.60458803164033,126.01413832449376,356.15498554073497,126.01413832449376,354.8892043625649,126.01413832449376,351.3609861683452
126.0555,0.0025211100000035,0.0012605549999999998,126.05003832449496,258.471184754659,126.05003832449496,246.4739678503732,126.05003832449496,229.93663413217783,126.05003832449496,221.06685450821192,126.05003832449496,211.96989284752252,126.05003832449496,233.58370681858892
126.9048,0.002538095999995,0.001269048,126.9042383245233,151.1132335326392,126.9041383245233,144.20196293469348,126.9042383245233,165.03028887415988,126.9042383245233,184.5841747010649,126.90473832452332,203.9926447423304,126.9042383245233,169.74031689281705
127.0032,0.0025400640000015,0.0012700320000000001,127.00443832452665,87.86531530191023,127.00443832452665,98.94112949378083,127.00443832452665,103.129852370273,127.00443832452665,103.04711738940392,127.00443832452665,106.12425496333556,127.00443832452665,99.8215339037407
127.0273,0.0025405460000059,0.001270273,127.03283832452756,224.44122225914683,127.03283832452756,225.5394675128272,127.03283832452756,219.62234220117307,127.03283832452756,218.4226071689012,127.03283832452756,213.775160974414,127.03283832452756,220.36016002329248
127.0515,0.0025410300000033,0.001270515,127.05213832452822,808.8752319693301,127.0514383245282,982.7640250930718,127.0514383245282,1054.0607417853803,127.0514383245282,1086.305855622698,127.0514383245282,1127.2034087861211,127.0514383245282,1010.0415095266911
127.0762,0.0025415239999944,0.001270762,127.07063832452884,191.9468395067639,127.07063832452884,238.39917090039324,127.07063832452884,254.20738977190345,127.07063832452884,266.0552973487939,127.07063832452884,278.0192244954053,127.07063832452884,245.72558440465195
127.0877,0.0025417540000063,0.001270877,127.08643832452935,132.8812558564947,127.0821383245292,162.48152161917147,127.0821383245292,174.39405660539035,127.0821383245292,180.9022671529359,127.0821383245292,188.90967784308012,127.0821383245292,166.92903523637733
128.0354,0.0025607080000043,0.001280354,128.03483832456084,1142.4119166207886,128.03483832456084,1849.0952425334776,128.03483832456084,2163.057036018417,128.03483832456084,2338.440257845752,128.03483832456084,2539.4415529021453,128.03483832456084,2006.4892011841162
128.054,0.0025610799999924,0.00128054,128.0484383245613,263.8172010165624,128.0484383245613,285.8005981234054,128.0484383245613,297.70430670354017,128.0484383245613,316.91491766002616,128.0484383245613,339.58124791669536,128.0484383245613,300.76365428404586
128.0719,0.0025614379999865,0.001280719,128.06633832456188,89.73340019004023,128.06633832456188,88.96413927269165,128.06633832456188,86.0977143051384,128.06633832456188,85.04047893630941,128.06633832456188,84.51710645193968,128.06633832456188,86.87056783122387
129.0193,0.0025803860000053,0.0012901929999999998,129.02063832459356,230.1101755145752,129.01993832459354,276.5178175467473,129.01933832459352,297.5431614457806,129.01933832459352,313.5437235116188,129.01933832459352,328.7892411760368,129.01993832459354,288.14353006640897
129.0309,0.0025806179999961,0.001290309,129.02523832459372,187.38740038235667,129.02523832459372,216.8039174242422,129.02523832459372,229.7138314072632,129.02523832459372,239.96178451805025,129.02523832459372,250.7120992891536,129.02523832459372,224.91580660421317
129.0387,0.0025807739999948,0.0012903870000000003,129.04063832459423,135.77931171909205,129.03873832459416,163.61572592975355,129.03863832459416,176.24229024836225,129.03863832459416,184.37475725101956,129.03863832459416,193.8660370141986,129.03863832459416,170.54571459329
129.0671,0.0025813420000134,0.001290671,129.06143832459492,117.82054159949044,129.06143832459492,118.38517027126171,129.06143832459492,114.05639347853632,129.06143832459492,111.18766497235852,129.06143832459492,107.05378086192188,129.06143832459492,113.70071023671377
129.0922,0.002581843999991,0.0012909220000000001,129.09783832459613,95.3009979310238,129.09783832459613,115.3045260092469,129.09783832459613,117.9951924231918,129.09783832459613,117.07172520390988,129.09783832459613,118.51823024455832,129.09783832459613,112.83813436238613
130.0264,0.0026005279999879,0.001300264,130.02703832462697,123.72014851168272,130.02703832462697,115.79377531363735,130.02703832462697,111.09071325188653,130.02703832462697,110.2124622293268,130.02703832462697,109.58460619839693,130.02703832462697,114.08034110098609
130.0511,0.0026010219999932,0.001300511,130.05673832462796,155.50861962789307,130.05673832462796,165.46704134623135,130.05673832462796,163.1356470487779,130.05673832462796,160.65022848640774,130.0517383246278,159.69066194279188,130.05673832462796,160.8386963456775
130.0875,0.0026017499999966,0.001300875,130.0818383246288,76.3704590566538,130.0818383246288,79.11557116307532,130.0818383246288,78.59933330853967,130.0818383246288,78.81357334396868,130.08613832462893,80.30409300913324,130.0818383246288,78.50083902568583
130.9987,0.0026199739999981,0.001309987,131.00443832465942,36.6556430087239,131.00443832465942,40.69264747539912,131.00443832465942,41.39971044352436,131.00443832465942,42.03333842491501,131.00443832465942,42.26981120818446,131.00443832465942,40.61023011214937
131.0236,0.0026204719999896,0.0013102359999999998,131.02933832466024,160.70934208393786,131.02933832466024,171.69430674165795,131.02933832466024,170.67887390691664,131.02933832466024,171.47826199174995,131.02933832466024,173.21271055783865,131.02933832466024,169.55469905642022
131.0353,0.0026207059999876,0.001310353,131.03603832466047,249.50680561638237,131.03593832466046,265.5317480479853,131.03593832466046,262.5112972961869,131.03593832466046,262.2450935884365,131.03593832466046,264.74530571333247,131.03593832466046,260.9077935786064
131.0465,0.0026209300000062,0.0013104650000000002,131.04073832466062,213.8650299034725,131.04073832466062,229.690651254129,131.04073832466062,229.3460998578747,131.04073832466062,231.53001188042012,131.04073832466062,236.28636373474848,131.04073832466062,228.14363132612897
131.0825,0.0026216500000089,0.001310825,131.082538324662,180.06937021981466,131.082438324662,401.10249646737,131.082538324662,471.3793976690483,131.082538324662,530.1026049607888,131.082538324662,576.9696452433288,131.082538324662,431.9151739303361
132.0304,0.0026406080000072,0.0013203039999999998,132.03033832469347,405.3686635714989,132.02973832469343,1092.2564577335363,132.02973832469343,1484.1336039938362,132.02973832469343,1787.3872677034233,132.02973832469343,2181.472337652024,132.02973832469343,1389.1943716497094
132.0429,0.0026408580000066,0.0013204290000000001,132.0371383246937,253.97562885964703,132.0371383246937,599.1067023651597,132.0371383246937,793.0276552901279,132.0371383246937,935.9678820170813,132.0371383246937,1138.7346599196658,132.0371383246937,744.1625056903363
132.0859,0.0026417180000067,0.0013208590000000002,132.08013832469513,35.859745384153726,132.08393832469525,43.722149793948304,132.08453832469527,46.2063297207054,132.08453832469527,48.80671298407027,132.0851383246953,50.61733743207279,132.08453832469527,44.86206117017649
132.9459,0.0026589180000087,0.0013294589999999998,132.94013832472368,44.85588456378844,132.95173832472406,46.68318030015373,132.95173832472406,46.86033927533988,132.95173832472406,47.61327410783449,132.95173832472406,47.38515782899909,132.95173832472406,46.574182972510826
133.0144,0.0026602879999871,0.001330144,133.00863832472595,499.7891133605718,133.00863832472595,479.1999037119976,133.00913832472597,441.7978580645593,133.0130383247261,432.0006439971807,133.01373832472612,450.26753627363365,133.00903832472596,450.6834501366737
133.0337,0.0026606739999977,0.001330337,133.03903832472696,192.5877918724285,133.03893832472696,236.5490521681768,133.03893832472696,239.95445108875887,133.03893832472696,243.38090091320385,133.03893832472696,247.54578461916003,133.03893832472696,231.98831744879143
133.0503,0.002661006000011,0.001330503,133.04453832472714,168.38013776984175,133.04453832472714,199.5280284090736,133.04453832472714,200.7969371928876,133.04453832472714,203.839606245825,133.04453832472714,207.61496648542925,133.04453832472714,196.03193522061147
133.9775,0.0026795500000105,0.0013397749999999999,133.9769383247581,236.01432840943656,133.9769383247581,256.26278479079383,133.9769383247581,255.58560983904948,133.9769383247581,263.4840445571604,133.9769383247581,259.2788533889527,133.9769383247581,254.1251241970786
134.0238,0.0026804759999948,0.0013402379999999999,134.01793832475946,313.4976714973353,134.02963832475984,382.88053599112015,134.02963832475984,388.4242157471598,134.02963832475984,392.20619903924825,134.02963832475984,391.30896500751055,134.02963832475984,372.92598287538215
134.0358,0.0026807159999862,0.001340358,134.04163832476024,1019.970053570019,134.04163832476024,1372.7263624789375,134.04163832476024,1414.1859280480978,134.04163832476024,1449.3472876134867,134.04163832476024,1461.0097895309716,134.04163832476024,1343.4478842483027
134.0472,0.0026809439999909,0.0013404719999999999,134.0465383247604,1643.3002951686783,134.0465383247604,2175.099708501995,134.0465383247604,2223.0437875348475,134.0465383247604,2269.449267782893,134.0466383247604,2294.6406113174994,134.0465383247604,2120.959166754367
134.9848,0.0026996960000076,0.001349848,134.98483832479155,1291.776742570045,134.98483832479155,1659.3805435840568,134.98483832479155,1766.9364632959555,134.98483832479155,1868.2459184399345,134.98483832479155,1927.2910769200455,134.98483832479155,1702.7261489620075
135.0307,0.0027006139999912,0.001350307,135.03063832479307,1317.5409712226558,135.03063832479307,1224.7137223219745,135.03063832479307,1047.49044551015,135.03063832479307,972.1357893607136,135.03073832479308,905.3745968951628,135.03063832479307,1093.3868220524646
135.0442,0.0027008840000065,0.001350442,135.03833832479333,694.5233362829092,135.03833832479333,668.6103265171894,135.03833832479333,586.9795467944879,135.03833832479333,551.3791515964931,135.03833832479333,524.0886042695421,135.03833832479333,605.1161930921243
135.0503,0.0027010059999952,0.0013505029999999999,135.04443832479353,254.5242583989559,135.04443832479353,272.93140168848504,135.04443832479353,258.9512169832544,135.04443832479353,252.47895629921905,135.04443832479353,249.2719586598524,135.04443832479353,257.63155840595334
135.0928,0.0027018559999874,0.0013509280000000002,135.08693832479494,37.45849700503354,135.08693832479494,41.33805868632841,135.08693832479494,41.45754234695885,135.08693832479494,42.14950449411107,135.08693832479494,42.69621523414709,135.08693832479494,41.01996355331579
135.9928,0.0027198559999988,0.0013599279999999998,135.9987383248252,540.3617299201163,135.99283832482502,519.2055396421606,135.99283832482502,499.4584317536063,135.99283832482502,501.1185299161757,135.99283832482502,483.09910169780113,135.99283832482502,506.4744200118871
136.0404,0.0027208079999923,0.001360404,136.0344383248264,230.65932667613063,136.0344383248264,225.42088615003223,136.0344383248264,211.96060659559043,136.0344383248264,202.79684056821836,136.0344383248264,195.63578176318495,136.0344383248264,213.29468835063136
136.0629,0.0027212580000082,0.0013606290000000001,136.05693832482714,118.8877692928179,136.05693832482714,120.33465668891762,136.05693832482714,115.12079877174688,136.05693832482714,110.49567821433564,136.05693832482714,108.73398500499567,136.05693832482714,114.71457759456275
136.8625,0.0027372499999956,0.001368625,136.8625383248539,65.6478213497325,136.8625383248539,141.25770061114306,136.8625383248539,198.45339991195712,136.8625383248539,235.08729928984133,136.8625383248539,292.3536198598231,136.8625383248539,186.5599682044994
136.9645,0.0027392899999938,0.001369645,136.97043832485747,85.13125597161631,136.97043832485747,96.04302189064428,136.97043832485747,101.79564421665316,136.97043832485747,106.03930082508302,136.97043832485747,109.39257581273829,136.97043832485747,99.68035974334703
137.0008,0.00274001599999,0.001370008,137.00023832485846,1431.1318117934577,137.00023832485846,1761.8017846894766,137.00023832485846,1874.6474028961695,137.00023832485846,1965.327417541837,137.00083832485848,2033.2819594528603,137.00023832485846,1810.5040230717768
137.0598,0.0027411959999881,0.001370598,137.05383832486024,352.55049145110803,137.05383832486024,359.0050908526737,137.05383832486024,325.156185465744,137.05383832486024,309.2815863429034,137.05383832486024,290.9300950217226,137.05383832486024,327.3846898268303
137.0714,0.0027414280000073,0.001370714,137.0707383248608,125.08643410351776,137.0707383248608,127.94626508586616,137.0707383248608,126.73087207929412,137.0707383248608,123.77318594530816,137.0707383248608,122.22796978943572,137.0707383248608,125.15294540068439
137.9956,0.0027599119999877,0.0013799559999999999,138.0016383248917,462.970233719326,138.0016383248917,481.74643888475606,138.0016383248917,427.1661341143089,138.0016383248917,411.616350761918,138.0016383248917,374.8031084684456,138.0016383248917,431.6604531897509
138.0046,0.0027600919999884,0.001380046,138.010638324892,5225.964525188809,138.010638324892,5751.730814562176,138.010638324892,5279.013941709712,138.010638324892,5102.5199468497685,138.010638324892,4731.230918607934,138.010638324892,5218.092029383681
138.8601,0.0027772020000043,0.001388601,138.8661383249204,27.80342424047092,138.8661383249204,36.52444339543305,138.86083832492022,40.1615358120829,138.86073832492022,43.22578002779028,138.8601383249202,49.1071702622559,138.86083832492022,38.82194710003561
138.8747,0.0027774939999858,0.0013887469999999999,138.87473832492068,32.94913904907364,138.87473832492068,45.366556039676325,138.87463832492068,46.96750084784978,138.87463832492068,46.62687473883624,138.87463832492068,47.43842169737867,138.87463832492068,43.868034147458715
138.9803,0.0027796059999901,0.0013898029999999998,138.9802383249242,748.9444517015407,138.9802383249242,835.9465983303609,138.9802383249242,848.265350849282,138.9802383249242,849.5327186442587,138.9802383249242,853.827805236764,138.9802383249242,827.3033849524412
139.0039,0.0027800780000007,0.0013900389999999998,138.99783832492477,187.34787545803871,138.99783832492477,203.35272813425155,138.99783832492477,202.97718715561643,138.99783832492477,203.46916356523556,138.99783832492477,204.1099166415882,138.99783832492477,200.25137419094608
140.0119,0.0028002379999919,0.001400119,140.01803832495864,6072.540804143447,140.01803832495864,6782.861632615187,140.01803832495864,6362.25784134777,140.01803832495864,6154.646769973653,140.01803832495864,5891.194479301208,140.01803832495864,6252.700305476253
140.0833,0.0028016660000105,0.001400833,140.0771383249606,5737.777618569522,140.0771383249606,5795.174907363221,140.0771383249606,5256.600348418776,140.0771383249606,5069.563894701994,140.0771383249606,4826.881488036905,140.0771383249606,5337.199651418084
140.9855,0.0028197100000114,0.001409855,140.99163832499096,282.40541815057753,140.99163832499096,287.9487754866765,140.99163832499096,266.345512004746,140.99163832499096,257.38523593246043,140.99163832499096,243.79904573843692,140.99163832499096,267.5767974625795
141.0186,0.0028203720000022,0.001410186,141.01243832499165,258.1678081106857,141.01243832499165,250.53715013781743,141.01243832499165,235.59782774557425,141.02473832499206,228.1454676442892,141.02473832499206,221.3720881096337,141.01243832499165,237.36967167985708
141.092,0.0028218399999957,0.00141092,141.08583832499409,148.2588938651978,141.08583832499409,170.63923893432155,141.08583832499409,172.8796857886635,141.08583832499409,176.7186741362199,141.08583832499409,178.57016940597947,141.08583832499409,169.41333242607644
141.9673,0.0028393460000018,0.001419673,141.96733832502335,82.98234154564705,141.96733832502335,90.8461632048992,141.96733832502335,92.3074721920742,141.96733832502335,93.49512927688772,141.96733832502335,94.0293823398973,141.96733832502335,90.7320977118811
142.0284,0.0028405680000105,0.0014202840000000002,142.03463832502558,1056.150550159692,142.03463832502558,1049.4248482198109,142.03463832502558,939.2865265547912,142.03463832502558,933.3702635726158,142.03463832502558,879.6822234957048,142.03463832502558,971.582882400523
143.0039,0.0028600779999977,0.0014300389999999997,143.01013832505797,62.77945196491862,143.00323832505774,96.83483721995734,143.00383832505776,115.40830703838456,143.00393832505776,126.94266385844054,143.00393832505776,138.54289474182204,143.00383832505776,108.0014928523248
143.0354,0.0028607079999858,0.001430354,143.041638325059,564.803872201861,143.041638325059,533.1111425221833,143.041638325059,509.1807326791992,143.041638325059,515.4764203389589,143.041638325059,510.5725366980644,143.041638325059,526.6289408880534
143.0475,0.002860950000013,0.001430475,143.0537383250594,904.3110501297008,143.0537383250594,833.514697041269,143.0537383250594,767.4036911934305,143.0537383250594,762.8155324870232,143.0537383250594,739.7593431952002,143.0537383250594,801.5608628093247
144.0063,0.002880126000008,0.001440063,144.00053832509084,324.2488618854071,144.00053832509084,331.89249622628154,144.00053832509084,309.7717447900564,144.00053832509084,295.9030940347883,144.00053832509084,285.05635234097235,144.00053832509084,309.3745098555011
144.0106,0.002880212000008,0.0014401060000000002,144.00433832509097,268.20893314813145,144.00433832509097,274.9353275212691,144.00433832509097,265.3277710844648,144.00433832509097,261.3399440844835,144.00433832509097,261.02144329514726,144.00433832509097,266.1666838266992
144.0308,0.0028806159999988,0.001440308,144.03703832509206,326.04774026639865,144.03703832509206,306.2307216310353,144.03703832509206,280.72341232440635,144.03703832509206,277.4030315642654,144.03703832509206,255.86302595131048,144.03703832509206,289.25358634748324
144.0661,0.0028813220000075,0.001440661,144.0598383250928,248.03949369826583,144.0598383250928,238.52868065554867,144.0598383250928,219.0918231824142,144.0598383250928,214.2752166389959,144.0598383250928,198.64026274891955,144.0598383250928,223.71509538482883
145.0614,0.0029012280000131,0.001450614,145.06143832512606,445.0471749315484,145.06143832512606,1242.243283870965,145.06143832512606,1610.8505841185065,145.06143832512606,1866.713814939619,145.06143832512606,2094.3443367790665,145.06143832512606,1451.839838927941
145.0984,0.0029019680000033,0.001450984,145.09763832512726,199.5357939023959,145.09763832512726,190.24260333612685,145.09693832512724,171.87034689546502,145.09203832512708,167.57880271953456,145.09203832512708,172.30013853855365,145.09763832512726,173.64558458558676
146.0461,0.0029209219999871,0.001460461,146.04533832515872,784.0037792943605,146.04533832515872,1052.7250220240803,146.04533832515872,1134.7018796025925,146.04533832515872,1168.5292308053845,146.04533832515872,1251.5393138070367,146.04533832515872,1078.2998451066908
146.0643,0.002921286000003,0.001460643,146.05793832515914,265.06813584171,146.05793832515914,371.55191859537456,146.05793832515914,414.36555362115,146.05793832515914,437.3022028049937,146.05793832515914,477.37099344836304,146.05793832515914,393.13176086231823
146.9845,0.0029396900000052,0.001469845,146.99093832519011,60.2689045640058,146.99093832519011,62.30226660772257,146.98593832518995,61.06498324056812,146.98593832518995,61.21754950884787,146.98593832518995,61.80041387913218,146.98673832518998,60.58166232513139
147.0293,0.002940585999994,0.0014702930000000001,147.02283832519117,106.43034657907752,147.0357383251916,112.90292302836156,147.03013832519142,113.99593071956942,147.03013832519142,116.76211088004462,147.03013832519142,121.79042027790152,147.0300383251914,113.51776421387581
147.0484,0.0029409679999901,0.001470484,147.0447383251919,106.2143621264051,147.04543832519192,120.64317725933178,147.04553832519193,118.98534530698826,147.04553832519193,119.60271874029009,147.04553832519193,121.3640453436777,147.04553832519193,117.33217008350807
147.0661,0.0029413219999981,0.001470661,147.0596383251924,68.23560491141512,147.0596383251924,75.76843386767713,147.0596383251924,75.97246525098578,147.0596383251924,77.06908332389152,147.0596383251924,78.3661440945793,147.0596383251924,75.08234628970976
148.0177,0.0029603540000096,0.0014801769999999998,148.01703832522418,108.99923819556946,148.01703832522418,107.75809755741074,148.01703832522418,102.58577026457162,148.01703832522418,103.61987682634604,148.01703832522418,102.61119235098514,148.01703832522418,105.1148350389766
148.0377,0.0029607539999859,0.001480377,148.0384383252249,81.30179852420827,148.0384383252249,81.73497186717624,148.0384383252249,78.33554686513381,148.0384383252249,79.0293223642528,148.0384383252249,79.74365613459744,148.0384383252249,80.02905915107371
148.0503,0.0029610059999925,0.001480503,148.04383832522507,78.23581998072076,148.04383832522507,79.85306120329162,148.04383832522507,76.70322925110167,148.04383832522507,76.64955656534615,148.04383832522507,76.77847495931928,148.04383832522507,77.6440283919559
148.0629,0.0029612579999991,0.0014806290000000002,148.05643832522549,69.2107054493844,148.05643832522549,73.81232134635454,148.05643832522549,71.81425103492299,148.05643832522549,71.07718807519271,148.05643832522549,70.33580065908698,148.05643832522549,71.25005331298833
148.9643,0.0029792859999986,0.0014896430000000001,148.96433832525562,77.01167846107694,148.96433832525562,92.24091950137635,148.96433832525562,97.00490779994348,148.96433832525562,102.60476039051632,148.96433832525562,106.75712291937282,148.96433832525562,95.12387781445719
149.0009,0.0029800179999881,0.001490009,149.00153832525686,118.97222173635694,149.00083832525684,142.01352775643804,149.00083832525684,148.7678324797737,149.00083832525684,152.66860543331316,149.00083832525684,156.4256537756118,149.00083832525684,143.75634497180175
149.0351,0.0029807020000021,0.0014903510000000002,149.03363832525793,254.6968770545808,149.03433832525795,243.64807587169375,149.03443832525795,231.58542416478227,149.03443832525795,223.2551510104322,149.03513832525798,216.42957878035216,149.03433832525795,233.77322909045492
149.0456,0.0029809119999982,0.001490456,149.0391383252581,227.3666189894708,149.0391383252581,224.4402862145353,149.0391383252581,214.80513530760783,149.0391383252581,209.4363273092933,149.0391383252581,205.13093147822767,149.0391383252581,216.235859859827
150.0415,0.0030008299999906,0.0015004150000000002,150.03493832529117,562.4186931214122,150.03493832529117,557.6592384904103,150.03493832529117,513.202668036941,150.03493832529117,490.1870112360596,150.03493832529117,463.6738327068142,150.03493832529117,517.4282887183274
150.9799,0.0030195980000087,0.001509799,150.97993832532254,689.5060081628448,150.97993832532254,808.0276903324485,150.97993832532254,830.7138672238626,150.97993832532254,849.9544726150434,150.97993832532254,850.864418081135,150.97993832532254,805.8132912830667
151.0162,0.0030203240000048,0.001510162,151.02283832532396,247.6193450368204,151.01693832532376,284.2798604131926,151.01623832532374,292.26774572883505,151.01623832532374,296.1947768861614,151.01623832532374,299.25221086600305,151.01693832532376,283.0977440673221
151.026,0.0030205200000069,0.0015102600000000002,151.03263832532429,646.1561347529656,151.03263832532429,649.548900228569,151.03263832532429,592.7606163820656,151.03263832532429,571.9309312670135,151.03263832532429,540.8671871205356,151.03263832532429,600.2527539502298
151.0607,0.0030212140000003,0.001510607,151.054138325325,431.9093675739642,151.054138325325,951.4547286228094,151.0599383253252,1128.155512367409,151.06073832532522,1364.1774307564033,151.06073832532522,1580.50552103137,151.0600383253252,1045.3486429777186
151.9881,0.003039761999986,0.001519881,151.98733832535598,623.6080192385306,151.98733832535598,644.4504228680235,151.98733832535598,630.7204332122843,151.98733832535598,633.8550257899503,151.98733832535598,615.4411173890891,151.98733832535598,629.6150036995755
152.0116,0.0030402319999894,0.001520116,152.00493832535656,153.5168423688907,152.00493832535656,148.31084017330147,152.00493832535656,151.08556664795736,152.00493832535656,153.26921532755478,152.00493832535656,157.4858422451299,152.00493832535656,152.73366135256686
152.0223,0.003040446,0.001520223,152.02893832535736,182.4837332529482,152.02893832535736,172.3614678877833,152.02893832535736,160.1639352004282,152.02893832535736,157.6093043902219,152.02893832535736,152.15564859756586,152.02893832535736,164.95481786578952
152.0359,0.0030407179999941,0.001520359,152.0425383253578,596.0913427377235,152.0425383253578,508.93919813581016,152.0425383253578,448.32202349154375,152.0425383253578,432.2720150645128,152.0425383253578,401.3596711892339,152.0425383253578,477.39685012376475
152.0641,0.0030412819999981,0.001520641,152.0574383253583,612.1745564485348,152.0574383253583,484.0430167361188,152.0574383253583,420.7277454259236,152.0574383253583,404.4511554817301,152.0574383253583,380.3747002985918,152.0574383253583,460.3542348781798
152.8913,0.0030578260000027,0.001528913,152.88663832538583,59.958645602254,152.88743832538586,69.6058416332755,152.8889383253859,70.48296167070774,152.8897383253859,72.35258681010941,152.89043832538596,75.63815071163806,152.8897383253859,69.39354655006332
152.996,0.0030599199999983,0.0015299600000000001,152.99523832538944,6435.468923462824,152.99523832538944,8769.920262228892,152.99523832538944,9577.578711262182,152.99523832538944,9843.389283162289,152.99523832538944,10224.219481913751,152.99523832538944,8970.115332405989
153.019,0.0030603799999938,0.00153019,153.01233832539,1737.8273780426537,153.01233832539,2335.461315111742,153.01233832539,2569.304943610429,153.01233832539,2619.8184903663005,153.01233832539,2748.9671279008758,153.01233832539,2402.2758510064004
153.0305,0.0030606100000057,0.0015303049999999998,153.03713832539083,340.22056771097203,153.0238383253904,321.2627199451251,153.0238383253904,354.4490898259438,153.0238383253904,348.6002906839306,153.0238383253904,363.8744453020576,153.0238383253904,335.6674870122916
153.0664,0.0030613280000011,0.0015306639999999997,153.05973832539158,1084.403183740251,153.05973832539158,1010.7400999491088,153.05973832539158,901.2338635506342,153.05973832539158,861.9081355078675,153.05973832539158,804.8813139202098,153.05973832539158,932.6333193336143
153.9991,0.0030799820000027,0.0015399909999999999,153.99913832542276,244.9313151831672,153.99913832542276,323.6278930186679,153.99913832542276,351.17034324167804,153.99913832542276,359.81150675014106,153.99913832542276,372.1300977209124,153.99913832542276,330.3342311829133
154.0269,0.0030805380000061,0.0015402690000000001,154.0336383254239,160.65082302999738,154.0336383254239,151.0400757135541,154.0336383254239,151.81130388986523,154.0336383254239,145.8696782176709,154.0336383254239,139.1347449071067,154.0336383254239,149.70132515163886
154.8887,0.0030977739999969,0.0015488869999999999,154.89543832545252,235.67978125173588,154.89543832545252,409.1006736056383,154.89543832545252,461.4280872404682,154.89543832545252,469.0358946886623,154.89543832545252,486.00094370939627,154.89543832545252,412.2490760991802
154.9995,0.0030999900000097,0.0015499950000000002,155.0062383254562,188.98493976127813,155.0062383254562,207.7861501241363,155.0062383254562,211.1915586786948,155.0062383254562,214.6707220850351,155.0062383254562,217.32069759680687,155.0062383254562,207.99081364919024
155.0111,0.0031002220000005,0.0015501109999999999,155.01113832545636,241.0770638295303,155.01113832545636,257.6352925841647,155.01113832545636,258.35627611749464,155.01113832545636,261.4132706037302,155.01113832545636,263.4857497771945,155.01113832545636,256.39353058242284
155.0825,0.0031016499999907,0.001550825,155.0816383254587,373.12944178288,155.0816383254587,419.1374491084519,155.0817383254587,423.5043147280815,155.0817383254587,413.0392200068627,155.0817383254587,410.31978648114045,155.0817383254587,407.74062514234885
155.1073,0.0031021460000034,0.001551073,155.10053832545933,118.8415946572642,155.10053832545933,146.4996712699719,155.10053832545933,154.20116765985,155.10053832545933,155.8334779256666,155.10053832545933,160.21167634871858,155.10053832545933,147.11751757229428
155.983,0.0031196600000101,0.00155983,155.98613832548872,218.09974561373932,155.9853383254887,235.39082428862292,155.98463832548867,217.99004687177415,155.9852383254887,205.6738665149922,155.9853383254887,193.00215920637504,155.9853383254887,213.9644845894174
156.0306,0.0031206120000036,0.001560306,156.03743832549043,187.87531383743212,156.03743832549043,187.2173811066004,156.03743832549043,179.10888843429683,156.03743832549043,173.8232180965059,156.03743832549043,167.44162667518572,156.03743832549043,179.0932856300042
156.0665,0.003121329999999,0.001560665,156.07333832549162,1102.7311568711004,156.07333832549162,1037.945438049262,156.07333832549162,921.6058069259147,156.07333832549162,886.7183497858873,156.07333832549162,824.788263712174,156.07333832549162,954.7578030688677
157.0135,0.0031402699999887,0.001570135,157.0066383255226,236.2153273158113,157.0066383255226,236.1283878834587,157.0066383255226,218.1609926018145,157.0066383255226,209.7582663991217,157.0066383255226,203.1622275164918,157.0066383255226,220.6850403433396
157.0308,0.003140615999996,0.001570308,157.03763832552363,220.27430195260575,157.03763832552363,199.6634440021858,157.03763832552363,176.48995762621396,157.03763832552363,171.3455809500447,157.03763832552363,159.75215473687064,157.03763832552363,185.50508785358414
158.0493,0.0031609860000117,0.0015804929999999999,158.05623832555744,358.14088025206445,158.05623832555744,335.39242755948817,158.05623832555744,294.5560727300835,158.05623832555744,283.8345747969513,158.05623832555744,261.19960430478824,158.05623832555744,306.6247119286751
158.0943,0.0031618859999867,0.001580943,158.0943383255587,109.64785649361164,158.09353832555868,119.160633070791,158.09353832555868,117.73679795963588,158.09353832555868,113.91203430080692,158.09353832555868,110.92915828024218,158.09353832555868,114.23751820101782
158.9249,0.0031784980000111,0.001589249,158.92493832558628,626.3861477501673,158.92493832558628,1390.7925899222446,158.92493832558628,1872.900486252398,158.92493832558628,2261.325791236326,158.92493832558628,2719.4759459078127,158.92493832558628,1774.1761922137896
158.9996,0.003179992000014,0.0015899959999999998,159.006538325589,194.7516033005057,159.006538325589,175.17956800467823,159.006538325589,164.0969789520979,159.006538325589,157.65841856993967,159.006538325589,154.02111549011286,159.006538325589,169.14153686346685
159.0291,0.0031805819999988,0.001590291,159.02903832558974,1721.8254139515705,159.02903832558974,1408.7926604851336,159.02903832558974,1254.3875370903393,159.02903832558974,1130.9992960917914,159.02903832558974,1055.0971486616615,159.02903832558974,1314.2204112560994
159.0458,0.0031809159999909,0.001590458,159.03883832559006,803.7696593137745,159.03883832559006,690.5534501979976,159.03883832559006,652.9854784614957,159.03883832559006,620.4106618396621,159.03883832559006,609.9460943756542,159.03883832559006,675.5330688377169
159.0776,0.0031815520000009,0.001590776,159.07063832559112,72.15270271978703,159.07063832559112,73.19907812188069,159.07063832559112,70.996908351701,159.07063832559112,71.37465485101191,159.07063832559112,71.33869714763769,159.07063832559112,71.81240823840366
160.0069,0.0032001380000111,0.001600069,160.01393832562243,146.69884511662485,160.01393832562243,148.68165841336804,160.01393832562243,145.69122079580129,160.01393832562243,146.29647746541914,160.01393832562243,145.4516645451304,160.01393832562243,146.56397326726875
160.0381,0.0032007620000059,0.001600381,160.03333832562308,238.38051119932965,160.0341383256231,224.23832563419592,160.03493832562313,213.0087841754585,160.03563832562315,206.0281877469672,160.03573832562316,200.88408322569992,160.03483832562313,216.02419608928784
160.0501,0.0032010019999973,0.0016005009999999998,160.0431383256234,178.53054579779382,160.0431383256234,173.05288788141172,160.0431383256234,166.15641356790115,160.0431383256234,162.37023024692172,160.0431383256234,159.24214826184877,160.0431383256234,167.87044515117546
160.0621,0.0032012419999887,0.0016006209999999998,160.0551383256238,96.14643392821272,160.0551383256238,98.85994532135751,160.0551383256238,96.22230729305386,160.0551383256238,95.883857702896,160.0551383256238,95.06345761307934,160.0551383256238,96.43520037171989
160.9288,0.0032185759999948,0.001609288,160.93583832565304,38.79214782243636,160.93583832565304,41.84999988264445,160.93583832565304,43.47416234354301,160.93043832565286,45.93520172357317,160.93033832565283,50.29408486896688,160.93583832565304,43.61366256452401
161.0101,0.0032202019999943,0.0016101009999999999,161.01713832565574,104.77995239207476,161.01713832565574,115.67239853187388,161.01713832565574,118.34965766096435,161.01713832565574,121.44001581116702,161.01713832565574,124.2809249431059,161.01713832565574,116.90458986783719
161.0141,0.0032202820000009,0.001610141,161.02113832565587,134.52030445208842,161.02113832565587,141.9507055780118,161.02113832565587,140.14689950039298,161.02113832565587,140.24770516640163,161.02113832565587,140.42544759850506,161.02113832565587,139.45821245907996
161.0616,0.0032212319999871,0.001610616,161.05453832565698,262.1101673495334,161.05453832565698,255.01052990444632,161.05453832565698,241.5663804359732,161.05453832565698,233.5968592155288,161.05453832565698,228.516404069374,161.05453832565698,244.16006819497116
162.022,0.0032404400000132,0.00162022,162.02903832568933,1182.9071907422294,162.02903832568933,1186.0281939626811,162.02903832568933,1061.8219962778214,162.02903832568933,1006.3412336070736,162.02903832568933,928.1794705586824,162.02903832568933,1073.0556170296975
162.0536,0.0032410720000087,0.001620536,162.0465383256899,694.3976903256905,162.0465383256899,711.8488542640684,162.0465383256899,651.5904825152836,162.0465383256899,621.0572161173469,162.0465383256899,584.3832249877715,162.0465383256899,652.6554936420322
162.9799,0.0032595979999996,0.001629799,162.98153832572095,102.54478447266943,162.98703832572113,110.34449303278528,162.98703832572113,111.37646314567353,162.98703832572113,112.58435963864846,162.98703832572113,114.67152545544644,162.98703832572113,109.97697932903775
163.0166,0.0032603319999964,0.0016301660000000002,163.0165383257221,449.7939202364333,163.0158383257221,606.8422965294083,163.0158383257221,652.4730471275255,163.0158383257221,684.4331018481705,163.0158383257221,707.2925845256649,163.0158383257221,619.7406415702329
163.0761,0.0032615220000025,0.0016307609999999999,163.06893832572385,133.83043395147968,163.06893832572385,134.49114480530983,163.06893832572385,124.76297781943408,163.06893832572385,123.04434720884105,163.06893832572385,118.14600388931515,163.06893832572385,126.85498153487595
163.1234,0.0032624680000026,0.0016312339999999999,163.11623832572542,30.67877098946836,163.11623832572542,33.481530760825564,163.11623832572542,34.4113368081017,163.11623832572542,35.48095717830279,163.1217383257256,36.31187156916185,163.11623832572542,34.03551767701465
163.9878,0.003279756000012,0.001639878,163.98773832575435,190.05323732887567,163.98773832575435,198.9394046904202,163.98773832575435,197.2771323116756,163.98773832575435,191.083650655365,163.98773832575435,182.91691860216773,163.98773832575435,192.05406871770083
164.037,0.0032807400000081,0.0016403700000000002,164.04413832575622,1274.133351730888,164.04413832575622,1310.7640808843234,164.04413832575622,1187.977312789837,164.04413832575622,1146.6124686591825,164.04413832575622,1067.561781831337,164.04413832575622,1197.4097991791136
164.0714,0.0032814280000082,0.0016407140000000001,164.0642383257569,689.8133862173224,164.0642383257569,701.686646300714,164.0642383257569,638.4947788874059,164.0642383257569,616.7402596478165,164.0642383257569,582.5131789492151,164.0642383257569,645.8496500004948
164.9953,0.0032999059999952,0.001649953,164.9953383257878,167.21904411705123,164.9953383257878,195.978550588425,164.9953383257878,202.74827092777744,164.9953383257878,208.90774283902803,164.9953383257878,211.2188163793438,164.9953383257878,197.21448497032512
165.0192,0.0033003839999992,0.001650192,165.02643832578883,146.70060350015163,165.02643832578883,158.82528856982145,165.02643832578883,154.1662872502224,165.02643832578883,162.35862140100278,165.02643832578883,166.95472847911992,165.02643832578883,157.80110584006366
165.0308,0.00330061599999,0.001650308,165.03803832578922,387.81040039274393,165.03803832578922,403.7062787421922,165.03803832578922,376.2286170962453,165.03803832578922,380.8355631460374,165.03803832578922,365.4069963375524,165.03803832578922,382.79757114295427
165.9907,0.0033198140000081,0.0016599070000000002,165.99793832582108,110.48066943139756,165.99153832582087,135.23619205257256,165.99073832582084,152.9021253445757,165.99073832582084,165.7964948208611,165.99073832582084,177.76820797951206,165.99153832582087,146.68081472844733
166.0032,0.0033200640000075,0.0016600319999999999,166.0104383258215,146.9947015947233,166.0104383258215,143.03459973578035,165.99593832582102,140.69330797767114,165.99593832582102,148.60678009851594,165.99593832582102,156.19001596862185,166.0104383258215,139.23326169492276
166.0272,0.0033205439999904,0.001660272,166.02723832582203,264.84397068526465,166.02723832582203,287.3943295572016,166.02723832582203,267.0034573223751,166.02723832582203,260.96676992919515,166.02723832582203,252.7544668280032,166.02723832582203,266.59259886440793
166.0987,0.0033219739999879,0.001660987,166.0914383258242,179.38097743596427,166.0914383258242,168.37333342249025,166.0914383258242,157.3375222310048,166.0914383258242,156.0841908616297,166.0914383258242,148.7628823809421,166.0914383258242,161.98778126640622
166.9746,0.0033394920000092,0.0016697460000000002,166.9746383258535,86.88069765344547,166.9746383258535,95.8546890736353,166.9746383258535,98.39672950070592,166.9746383258535,101.33078996624955,166.9746383258535,104.1099691414588,166.9746383258535,97.31457506709901
167.0114,0.0033402280000132,0.001670114,167.01133832585472,153.31800547402773,167.01133832585472,188.86014442377837,167.01133832585472,197.82765843310523,167.01133832585472,199.0581875076455,167.01133832585472,201.16594376952105,167.01133832585472,188.04598792161556
167.0206,0.003340412,0.001670206,167.02793832585527,152.79129389772407,167.0133383258548,181.7250818432072,167.0133383258548,189.2843866879333,167.0133383258548,190.24540425615888,167.0133383258548,192.2267251001919,167.0133383258548,180.56947293232457
167.0824,0.0033416480000028,0.001670824,167.07513832585684,1011.002334898628,167.07513832585684,989.1370118425737,167.07513832585684,912.574206178688,167.07513832585684,903.2928112351508,167.07513832585684,863.9330188659341,167.07513832585684,935.987876604195
167.1074,0.0033421480000015,0.001671074,167.10013832585767,106.30012749122726,167.10013832585767,112.43025062544751,167.10013832585767,112.72518858328516,167.10013832585767,111.2283961811134,167.10013832585767,111.14249330914984,167.10013832585767,110.76529123804464
167.9829,0.0033596579999937,0.0016798289999999999,167.983738325887,129.9191229030616,167.99023832588722,138.1931612116468,167.99023832588722,139.3193560148802,167.99023832588722,136.00060648387682,167.99023832588722,131.2741966642554,167.99023832588722,134.7641892529286
168.9904,0.0033798080000054,0.001689904,168.99123832592045,168.33150564886577,168.99043832592042,192.0174374901507,168.99043832592042,199.55560897091425,168.99043832592042,204.89527043024577,168.99043832592042,209.58505746313736,168.99043832592042,194.8429894963523
169.1231,0.0033824619999905,0.001691231,169.11573832592458,134.38532061893395,169.11573832592458,149.67343710894664,169.11573832592458,149.2785142362222,169.11573832592458,152.88868445407454,169.11573832592458,156.55418508352994,169.11573832592458,148.55602830034144
170.0456,0.0034009119999894,0.0017004560000000001,170.0530383259557,2047.8548368953043,170.0530383259557,1766.8353451000214,170.0530383259557,1501.397311805336,170.0530383259557,1402.1067328068782,170.0530383259557,1254.537320804213,170.0530383259557,1594.5463094823506
171.0066,0.0034201320000022,0.0017100659999999999,171.00573832598732,2292.1000171134824,171.00573832598732,2614.5238958787218,171.00573832598732,2565.490437852067,171.00573832598732,2391.557809400572,171.00573832598732,2261.3919529212844,171.00573832598732,2425.012822633226
171.0296,0.0034205919999977,0.0017102959999999998,171.02213832598787,624.8188464703652,171.02213832598787,715.0712479055187,171.02213832598787,703.8831055869879,171.02213832598787,654.94391028401,171.02213832598787,631.4267769585583,171.02213832598787,666.0287774410881
171.0562,0.0034211239999991,0.0017105619999999999,171.06363832598925,488.2695444813951,171.06363832598925,431.0945519562572,171.06363832598925,377.2295871858791,171.06363832598925,357.8988113665628,171.06363832598925,330.7175646337983,171.06363832598925,397.0420119247785
171.0775,0.003421550000013,0.0017107749999999999,171.07003832598946,433.97174147079534,171.07663832598968,485.9105872072444,171.07663832598968,531.040394910449,171.07663832598968,557.0649268331631,171.07673832598968,570.8850899623645,171.07663832598968,501.0636837191629
172.0082,0.0034401640000112,0.001720082,172.01573832602085,108.3578841751021,172.0107383260207,120.37192781452411,172.00993832602066,119.6647838190903,172.00993832602066,116.71807765856776,172.00983832602066,115.2359359345896,172.00993832602066,115.63744571158809
172.0494,0.0034409879999941,0.001720494,172.04183832602172,268.30062950907814,172.04183832602172,289.7303817460309,172.04183832602172,264.2430823648883,172.04183832602172,251.910016553736,172.04183832602172,230.10548110532284,172.04183832602172,260.85791825581117
172.0615,0.0034412299999929,0.001720615,172.06903832602262,190.60483173701505,172.06903832602262,185.20869948988656,172.06903832602262,171.28916921683702,172.06903832602262,166.5874338468815,172.06903832602262,158.35943886582226,172.06903832602262,174.40991463128847
172.0839,0.0034416780000015,0.001720839,172.07633832602286,225.05567523093583,172.07633832602286,220.9320528996873,172.07633832602286,204.7348799054183,172.07633832602286,199.77491896266747,172.07633832602286,191.36321150300907,172.07633832602286,208.37214770034362
172.8989,0.0034579780000001,0.001728989,172.89133832604992,572.4758411975945,172.89133832604992,976.0668946784178,172.89133832604992,1048.1327441281148,172.89133832604992,1091.003339571374,172.89133832604992,1130.5559943884882,172.89133832604992,963.6469627927978
172.9404,0.0034588080000049,0.001729404,172.9328383260513,43.43601625441042,172.9328383260513,54.060121722336014,172.93953832605152,59.55388515551845,172.93953832605152,64.66316074375311,172.93953832605152,70.04607999985674,172.93943832605152,57.74511371000274
173.0087,0.0034601739999971,0.001730087,173.0162383260541,273.2778208190366,173.0162383260541,267.25140552846244,173.0162383260541,250.87971049582305,173.0162383260541,240.76920831146575,173.0162383260541,234.41794388110185,173.0162383260541,253.31921780717795
173.045,0.0034608999999932,0.00173045,173.03743832605477,445.4877479143458,173.03743832605477,412.0895191811237,173.03743832605477,376.044707681672,173.03743832605477,355.10510164003614,173.03743832605477,341.4489811291107,173.03743832605477,386.0352115092577
173.1039,0.0034620780000125,0.0017310390000000002,173.104738326057,312.82021040295103,173.10393832605698,574.1863764907308,173.10393832605698,641.4792754156969,173.10393832605698,703.3327085604348,173.10393832605698,746.8807639712007,173.10393832605698,595.2165565928901
174.0403,0.0034808059999989,0.001740403,174.0327383260878,345.68157986354504,174.0327383260878,330.7734127480227,174.0327383260878,305.627819927564,174.0327383260878,291.4141874038215,174.0327383260878,277.8181163994905,174.0327383260878,310.2630232684887
174.0769,0.0034815379999884,0.001740769,174.06933832608902,65.72993157356181,174.06933832608902,68.85165461580075,174.06933832608902,67.65806248990357,174.06933832608902,68.00813433125707,174.06933832608902,68.6257791560177,174.06933832608902,67.77471243330817
174.0882,0.0034817640000142,0.001740882,174.0958383260899,52.34739422036635,174.0958383260899,63.87920426813529,174.0958383260899,64.79890391404004,174.0958383260899,66.58435417009015,174.0958383260899,67.44786608028855,174.0958383260899,63.01154453058407
174.1073,0.0034821460000103,0.001741073,174.10383832609017,54.2284049328164,174.10553832609023,69.54484402449643,174.10563832609023,72.02334300698882,174.10563832609023,75.26177505243128,174.10643832609026,76.85428145300953,174.10553832609023,69.52285665302706
174.8279,0.0034965579999948,0.001748279,174.8278383261142,158.7379905069908,174.8278383261142,297.7768629109495,174.8278383261142,345.44862617197083,174.8278383261142,349.3575391920027,174.8278383261142,378.91595767018913,174.8278383261142,306.0473952904206
174.9792,0.0034995839999965,0.001749792,174.9782383261192,104.46261479286176,174.9783383261192,137.88994377515957,174.9783383261192,146.21495649710087,174.9783383261192,152.3444053848708,174.97913832611923,157.27367625622668,174.9783383261192,139.59279507642964
175.0212,0.0035004240000092,0.001750212,175.02463832612074,309.0677811962749,175.02463832612074,262.3140095843844,175.02463832612074,234.2148462502664,175.02473832612074,214.4921324853498,175.02553832612077,199.86111006724167,175.02463832612074,243.94703700636464
175.0238,0.0035004759999993,0.0017502379999999999,175.02463832612074,309.0677811962749,175.02463832612074,262.3140095843844,175.02463832612074,234.2148462502664,175.02473832612074,214.4921324853498,175.02553832612077,199.86111006724167,175.02463832612074,243.94703700636464
175.0605,0.003501209999996,0.001750605,175.05283832612167,157.83868223294434,175.05283832612167,151.10334766565566,175.05283832612167,139.74978054560222,175.05283832612167,136.13800809992537,175.05283832612167,130.91117304824235,175.05283832612167,143.148198318474
176.0331,0.0035206619999997,0.001760331,176.04083832615447,200.2093673226907,176.04083832615447,188.50756191934985,176.04083832615447,176.1227317758736,176.04083832615447,175.51406000201865,176.04083832615447,172.87659376470754,176.04083832615447,182.6460629569281
176.0604,0.0035212079999951,0.0017606039999999998,176.05273832615487,206.44794137790896,176.05773832615503,256.1270515094655,176.05863832615506,292.5600539953029,176.0594383261551,329.0110525942006,176.0594383261551,365.112931231647,176.05863832615506,283.8601223966765
176.0727,0.0035214540000084,0.001760727,176.06503832615527,132.0210080589182,176.06503832615527,186.9664323055861,176.06503832615527,219.61615784577768,176.06503832615527,249.1698164053639,176.06503832615527,278.89365598751806,176.06503832615527,213.33341412063282
176.8252,0.0035365040000102,0.0017682519999999999,176.82603832618054,50.98272078173671,176.8252383261805,83.38792226992035,176.8252383261805,95.5107527539782,176.8252383261805,95.80992862123207,176.8252383261805,102.89257030100188,176.8252383261805,85.70439501603305
176.8571,0.003537141999999,0.0017685709999999998,176.86483832618185,121.03257230790378,176.86483832618185,176.18418981289702,176.86483832618185,180.14807806735757,176.86483832618185,184.2820291788894,176.86483832618185,187.20289670544165,176.86483832618185,169.7699532144979
176.9358,0.0035387160000084,0.001769358,176.93493832618415,221.6981936227142,176.93493832618415,332.17170720146964,176.93573832618418,420.1792718073073,176.93573832618418,480.5689937492916,176.93573832618418,560.1446399367345,176.93573832618418,402.7782193924445
176.9951,0.003539902,0.001769951,176.99513832618615,126.84101397124134,176.99503832618615,139.14922066390776,176.99513832618615,144.08229843057967,176.99513832618615,146.5772254405304,176.99513832618615,149.11210455127434,176.99513832618615,141.15224056282062
177.0216,0.0035404319999941,0.001770216,177.0293383261873,136.0076715138844,177.0293383261873,140.11563510476674,177.0293383261873,138.31156774291716,177.0293383261873,139.96752432569755,177.0293383261873,139.7464480661664,177.0293383261873,138.82976935068646
177.034,0.0035406799999862,0.00177034,177.0417383261877,259.37345770581794,177.0417383261877,265.1172025961996,177.0417383261877,271.39548590852775,177.0417383261877,292.3332948358437,177.0417383261877,311.4257961474329,177.0417383261877,279.92904743876437
177.057,0.00354114000001,0.00177057,177.05613832618818,284.5998915025098,177.0570383261882,630.7418666295372,177.0570383261882,832.0374044263355,177.0570383261882,1003.3212750589588,177.0570383261882,1166.60142961387,177.0570383261882,783.2183193697784
178.0033,0.0035600660000057,0.0017800329999999999,178.01103832621988,115.88989383707296,178.01103832621988,122.12098248473926,178.01103832621988,122.1703836879016,178.01103832621988,122.99843713364432,178.01103832621988,122.80328268442284,178.01103832621988,121.19659596555618
178.0264,0.0035605280000084,0.001780264,178.03413832622064,170.7703811960361,178.0272383262204,206.28214794330896,178.0272383262204,212.8359543871505,178.0272383262204,218.2146777938292,178.0272383262204,222.47424122040215,178.0272383262204,205.69938654317602
178.0504,0.0035610079999913,0.0017805039999999998,178.05813832622144,506.8025637926898,178.05813832622144,462.3798503261615,178.05813832622144,402.7292278016488,178.05813832622144,389.39218386666965,178.05813832622144,363.0272719418596,178.05813832622144,424.86621954580585
178.8553,0.0035771059999945,0.0017885529999999998,178.86313832624816,29.13871790492057,178.86313832624816,35.22340573890493,178.86313832624816,37.117541169200535,178.86313832624816,39.2931566943303,178.86313832624816,42.13681803036034,178.86313832624816,36.58192790754333
179.0109,0.0035802179999962,0.001790109,179.01093832625307,375.2997895450804,179.01093832625307,490.2274458399224,179.01093832625307,519.0234979185357,179.01093832625307,532.1563719611657,179.01093832625307,542.1850489615383,179.01093832625307,491.77843084524847
179.0351,0.0035807019999936,0.0017903510000000001,179.04293832625413,526.3857544434602,179.04293832625413,464.6571572523657,179.04293832625413,424.781192009605,179.04293832625413,410.5481214761225,179.04293832625413,396.453205037596,179.04293832625413,444.56508604382987
179.0458,0.0035809160000042,0.001790458,179.0536383262545,1037.7683668769623,179.0536383262545,895.6776504877121,179.0536383262545,820.576119758615,179.0536383262545,794.2321610076484,179.0536383262545,771.1476975481955,179.0536383262545,863.8803991358266
179.0557,0.0035811140000135,0.001790557,179.05573832625456,1130.710806524103,179.05573832625456,972.212701816894,179.05573832625456,892.6273870786096,179.05573832625456,864.0856393420253,179.05573832625456,841.727807968813,179.05573832625456,940.2728685460888
179.0825,0.003581650000001,0.001790825,179.07463832625518,345.3972977148524,179.07463832625518,310.6753202959624,179.07463832625518,279.990271911779,179.07463832625518,275.4801220904367,179.07463832625518,264.69325386834146,179.07463832625518,295.24725317627434
180.0432,0.003600863999992,0.0018004320000000002,180.0423383262873,1115.5151712333086,180.0423383262873,1412.1357018143565,180.0423383262873,1464.68241533319,180.0423383262873,1506.4942590466933,180.0423383262873,1539.2360470026588,180.0423383262873,1407.6127188860414
180.0585,0.003601169999996,0.001800585,180.05063832628758,804.835601064409,180.05063832628758,964.7475389285468,180.05063832628758,985.6004261853028,180.05063832628758,1005.6891960504454,180.05063832628758,1028.7275104392577,180.05063832628758,957.9200545335923
180.9909,0.0036198180000042,0.0018099090000000002,180.9900383263188,281.9217015775533,180.9900383263188,342.073407573169,180.9900383263188,359.8581409239404,180.9900383263188,357.3186181443885,180.9900383263188,352.3495016993554,180.9900383263188,338.70427398368133
181.0271,0.0036205419999931,0.001810271,181.03503832632023,251.97437896118797,181.03503832632023,262.895682284709,181.03503832632023,248.32248214251405,181.03503832632023,240.4195556268596,181.03503832632023,231.38175769955384,181.03503832632023,246.9987713429649
181.0615,0.0036212299999931,0.001810615,181.0694383263214,514.574950652886,181.0694383263214,465.4945656134112,181.0694383263214,419.4476167028748,181.0694383263214,405.389684433632,181.0694383263214,382.5926580894824,181.0694383263214,437.4998950984573
181.086,0.0036217200000124,0.00181086,181.0780383263217,555.2831845891118,181.0780383263217,488.4721679211756,181.0780383263217,430.1211977898519,181.0780383263217,414.3434378154333,181.0780383263217,388.7917179963042,181.0780383263217,455.40234122237536
181.1231,0.0036224620000098,0.001811231,181.1151383263229,92.3490340176534,181.1151383263229,103.79160108131036,181.1151383263229,107.26797053384368,181.1151383263229,109.565932024373,181.1151383263229,113.52085168195602,181.1151383263229,105.29907786782728
182.021,0.0036404200000106,0.0018202099999999998,182.02183832635305,216.64829828602117,182.02183832635305,247.02039478072984,182.02183832635305,246.61292157190425,182.02183832635305,247.1440948891778,182.02183832635305,247.62216557703564,182.02183832635305,241.00957502097376
182.0464,0.00364092800001,0.001820464,182.0543383263541,439.5853768261899,182.0543383263541,409.18393164328097,182.0543383263541,372.3192915103727,182.0543383263541,356.68822833715507,182.0543383263541,337.4478110400115,182.0543383263541,383.0449278714021
183.0239,0.0036604780000005,0.001830239,183.015938326386,304.94216083791287,183.015938326386,393.0695629007143,183.015938326386,379.4475030868861,183.015938326386,372.1346483440588,183.015938326386,465.2859357020705,183.015938326386,382.9759621743285
183.1383,0.0036627659999908,0.0018313829999999998,183.13033832638985,95.86461060159768,183.13033832638985,119.05006221095768,183.13653832639,125.75543987771812,183.13743832639005,133.1203972753413,183.13743832639005,140.54579648267972,183.13033832638985,119.98884950544993
184.0011,0.0036800219999975,0.001840011,184.0020383264188,196.2952942386418,184.0020383264188,215.8460516505397,184.0020383264188,220.98837462168612,184.00113832641875,228.08967707572836,184.0020383264188,233.25835650874424,184.0020383264188,218.8446308517329
184.0591,0.0036811820000082,0.001840591,184.0671383264209,607.0727562734601,184.0671383264209,598.6178428418834,184.0671383264209,542.5591079023752,184.0671383264209,512.6339958800944,184.0671383264209,473.46036712535954,184.0671383264209,546.8688140046345
184.1088,0.0036821760000123,0.001841088,184.10783832642227,281.1527967866529,184.10783832642227,314.50502979508906,184.1087383264223,320.0101820237755,184.1087383264223,310.6330719274208,184.1087383264223,308.6226879874211,184.10793832642227,306.6182649810024
184.9854,0.0036997079999992,0.001849854,184.9853383264514,293.3599070863556,184.9853383264514,311.2084870474389,184.9853383264514,311.1896286568372,184.9853383264514,311.73686735643025,184.9853383264514,316.5996295578778,184.9853383264514,308.818903940988
185.0575,0.0037011500000119,0.0018505750000000001,185.0656383264541,915.4167599703987,185.0656383264541,979.4596337514444,185.0656383264541,833.1157839007028,185.0656383264541,805.3620110062225,185.0656383264541,783.2906051927893,185.0656383264541,863.3289587643116
186.0363,0.0037207260000116,0.001860363,186.03723832648632,1146.5641953957231,186.0371383264863,1088.4612927162595,186.0371383264863,996.8426855918829,186.0371383264863,930.2296126172778,186.0371383264863,881.6841699000106,186.0371383264863,1008.639400904089
186.0642,0.0037212839999938,0.001860642,186.0560383264869,376.1878432111234,186.0560383264869,394.8898690858549,186.0560383264869,391.17527111528887,186.0560383264869,397.1000645620191,186.0560383264869,400.4849020761761,186.0560383264869,391.9675900100924
186.0912,0.0037218239999959,0.0018609119999999997,186.0993383264884,4732.139342383035,186.0993383264884,4129.854175671922,186.0993383264884,3347.780788760625,186.0993383264884,3104.3798756367773,186.0993383264884,2743.2347308679828,186.0993383264884,3611.477782664069
187.024,0.0037404800000047,0.00187024,187.03213832651932,270.612212076354,187.03213832651932,260.77343688844866,187.03213832651932,246.80499470551615,187.03213832651932,236.3985754405132,187.03213832651932,235.10450348799552,187.03213832651932,249.9387445197655
187.0717,0.0037414340000055,0.0018707169999999998,187.0635383265204,239.93788205718624,187.0635383265204,226.1592120720164,187.0635383265204,209.07903559170717,187.0635383265204,198.75914446192533,187.0635383265204,189.7094027379583,187.0635383265204,212.7289353841587
187.9737,0.0037594739999918,0.001879737,187.98193832655087,40.42168668981106,187.9764383265507,48.58381182757403,187.97553832655063,51.83647305678914,187.97463832655063,53.4083407952083,187.97463832655063,55.21923298290415,187.97553832655063,49.64739493386884
188.0348,0.0037606960000005,0.001880348,188.0430383265529,407.17334770900095,188.0430383265529,387.7246696275204,188.0430383265529,345.24592171479344,188.0430383265529,328.49402153360745,188.0430383265529,304.5153578411952,188.0430383265529,354.63066368522357
188.8365,0.0037767299999985,0.001888365,188.84473832657952,116.54954791522604,188.84473832657952,203.5789928394446,188.84473832657952,225.4278000773223,188.84473832657952,253.70047378463076,188.84473832657952,277.36993245645334,188.84473832657952,215.3253494146154
189.0009,0.0037800179999863,0.001890009,189.00913832658495,58.33872580931366,189.00913832658495,58.07196607762598,189.00913832658495,53.63502038072046,189.00913832658495,52.96645145261472,189.00913832658495,52.26260435886638,189.00913832658495,55.05495361582824
189.034,0.0037806800000055,0.00189034,189.04223832658607,187.29863960232885,189.04223832658607,180.99940916050596,189.04223832658607,163.86361543745105,189.04223832658607,158.3677422419885,189.04223832658607,149.88078423501102,189.04223832658607,168.08203813545705
189.0359,0.0037807180000016,0.0018903589999999999,189.0441383265861,198.9799779560885,189.0441383265861,192.56167237165883,189.0441383265861,174.46546133363327,189.0441383265861,168.55537059692472,189.0441383265861,159.33917369916276,189.0441383265861,178.78033119149362
189.068,0.003781360000005,0.00189068,189.05973832658665,200.75745649817344,189.05973832658665,194.5567586015484,189.05973832658665,178.03701407241147,189.05973832658665,172.8491904773178,189.05973832658665,164.77631548602952,189.05973832658665,182.19534702709612
189.9891,0.0037997819999873,0.0018998910000000001,189.99743832661775,58.65426358501794,189.98083832661723,68.54171605427281,189.98083832661723,79.66265409346781,189.98083832661723,84.62580787745881,189.98083832661723,91.91180328571689,189.98083832661723,73.5617039950155
190.0271,0.0038005419999934,0.001900271,190.03543832661904,97.52472539305388,190.03543832661904,93.53708386478212,190.03543832661904,87.24450562002234,190.03543832661904,85.52101535470646,190.03543832661904,82.97858255243787,190.03543832661904,89.36118255700053
190.0499,0.0038009980000027,0.001900499,190.0582383266198,688.2269130975217,190.0582383266198,585.030485057878,190.0582383266198,498.0878487190692,190.0582383266198,482.2131678515854,190.0582383266198,439.107336553114,190.0582383266198,538.5331502558336
191.0197,0.0038203940000017,0.0019101970000000002,191.0188383266517,137.15496044401092,191.0188383266517,205.0416819171608,191.0188383266517,250.36719520208104,191.0188383266517,277.1039703913969,191.0188383266517,318.4126489943368,191.0188383266517,237.6160913897973
191.0713,0.0038214260000018,0.0019107130000000003,191.06293832665315,547.59519996595,191.06293832665315,491.6868202665853,191.06293832665315,432.6436969842702,191.06293832665315,422.7940737069157,191.06293832665315,392.79149258385706,191.06293832665315,457.50225670151565
191.983,0.0038396600000112,0.00191983,191.9829383266837,77.70071516272027,191.9820383266837,83.01729362231643,191.9820383266837,84.13767777147332,191.9820383266837,83.39366168863164,191.9820383266837,82.59450836409069,191.9820383266837,82.15419829346153
192.0214,0.0038404279999895,0.001920214,192.02983832668525,83.61554091947676,192.02983832668525,101.18418515867916,192.02983832668525,108.5255408363013,192.02983832668525,111.30895315664564,192.0290383266852,114.9690318709571,192.02983832668525,103.89685305746937
192.054,0.0038410800000008,0.0019205399999999999,192.06243832668636,225.6775899918713,192.06243832668636,212.8361447812127,192.06243832668636,192.9389042460474,192.06243832668636,188.13372707988697,192.06243832668636,179.03968819415965,192.06243832668636,199.72521085863562
193.0621,0.0038612419999993,0.0019306209999999998,193.0705383267198,604.366337329866,193.0705383267198,512.1625166849758,193.0705383267198,437.8829036475906,193.0705383267198,421.6516692563704,193.0705383267198,383.4435445253791,193.0705383267198,471.9013942888363
193.0891,0.0038617820000013,0.0019308910000000001,193.08063832672013,697.4498979217182,193.08063832672013,580.5431840393118,193.08063832672013,494.3202749475862,193.08063832672013,474.20362235415206,193.08063832672013,431.5566741898919,193.08063832672013,535.614730690532
193.0978,0.0038619560000086,0.001930978,193.0893383267204,428.9289182852101,193.0893383267204,353.06913319403856,193.0893383267204,299.28040869774287,193.0893383267204,286.2990988857932,193.0893383267204,260.926874326086,193.0893383267204,325.7008866777742
194.022,0.003880439999989,0.0019402199999999999,194.02103832675132,179.02362108682868,194.02103832675132,201.2397461040123,194.02103832675132,202.59844920337036,194.02103832675132,203.51868344640368,194.02103832675132,202.72513831399215,194.02103832675132,197.82112763092144
194.9458,0.0038989159999971,0.0019494579999999998,194.95433832678236,75.17414270780381,194.95433832678236,77.381261299135,194.9477383267821,75.15110736111328,194.9477383267821,73.40987849036593,194.94683832678209,71.53634640907202,194.9478383267821,73.40212420839995
195.0063,0.0039001259999907,0.0019500630000000001,195.0072383267841,336.57394998881404,195.0063383267841,400.49862605342383,195.0063383267841,415.80527902915975,195.00623832678409,422.8987223506365,195.00623832678409,425.2784277508837,195.0063383267841,400.1330741914539
195.0775,0.0039015499999948,0.0019507749999999999,195.0860383267867,440.8287808687713,195.0860383267867,401.0060125964263,195.0860383267867,352.8675120952334,195.0860383267867,333.65417491436205,195.0860383267867,305.9430767685057,195.0860383267867,366.8599114486598
195.1389,0.0039027779999969,0.0019513890000000002,195.13033832678815,74.34713464700948,195.13033832678815,80.20919186675576,195.13033832678815,81.76199778029842,195.13033832678815,83.42225816902004,195.13033832678815,85.42396039325146,195.13033832678815,81.03290857126703
196.0377,0.0039207540000064,0.001960377,196.0376383268183,888.8300722268125,196.0376383268183,1357.0481651792863,196.0376383268183,1470.3676670345872,196.0376383268183,1475.954026699215,196.0376383268183,1519.3142437020128,196.0376383268183,1342.3028349683827
196.8805,0.0039376100000084,0.001968805,196.88043832684627,62.677414736827096,196.88043832684627,98.11282710472996,196.88043832684627,117.49266346040297,196.88043832684627,138.46551988475082,196.88043832684627,160.61999610124636,196.88043832684627,115.47368425759143
197.0449,0.0039408979999962,0.001970449,197.03623832685145,270.2324706974758,197.03623832685145,306.5316729485152,197.03623832685145,297.7697375738083,197.03623832685145,281.90805818382216,197.03623832685145,277.7257013440146,197.03623832685145,286.8335281495272
197.0567,0.0039411340000015,0.001970567,197.0653383268524,345.1762395168962,197.0653383268524,335.21431938072624,197.0653383268524,306.8219056196475,197.0653383268524,296.5071945322973,197.0653383268524,277.1055772050352,197.0653383268524,312.1650472509205
197.0922,0.0039418439999963,0.001970922,197.1008383268536,359.7953112392251,197.1008383268536,323.95702655280763,197.1008383268536,282.7292323524144,197.1008383268536,266.04586361728457,197.1008383268536,242.931140612522,197.1008383268536,295.0917148748507
197.1169,0.0039423380000017,0.001971169,197.10823832685384,467.1290079591966,197.10823832685384,411.4326170911604,197.10823832685384,354.14274634057784,197.10823832685384,331.6827917264324,197.10823832685384,302.4891075777339,197.10823832685384,373.3752541390202
198.0554,0.0039611079999986,0.001980554,198.0534383268852,1252.3828862532391,198.0533383268852,1071.2650481207745,198.0534383268852,919.6117623307118,198.0534383268852,834.1787874831844,198.0534383268852,753.8914052124413,198.0534383268852,966.2483079136384
198.0881,0.0039617619999888,0.001980881,198.08703832688636,354.9739615194494,198.08713832688636,363.2687024672339,198.08713832688636,358.7404521528898,198.08713832688636,344.60590089443434,198.0880383268864,333.9259649793009,198.08713832688636,351.03593989582174
198.9168,0.0039783359999888,0.001989168,198.9081383269136,300.09521555779526,198.9081383269136,467.6241333504498,198.9081383269136,550.1876539951569,198.9081383269136,604.8573993989701,198.9081383269136,677.2475846682064,198.9081383269136,520.0023973941157
199.0024,0.0039800479999883,0.001990024,199.00133832691668,237.0082040026016,199.00133832691668,286.1745043055887,199.00133832691668,304.5043630863167,199.00133832691668,303.6349617101648,199.00133832691668,303.4853210386271,199.00133832691668,286.9614708286598
199.072,0.0039814399999898,0.00199072,199.0807383269193,406.43431918392525,199.07203832691903,539.722967990736,199.07203832691903,649.6759075720769,199.07203832691903,720.7802592118043,199.07203832691903,778.9092998770514,199.07203832691903,602.1087807566221
199.1099,0.0039821979999886,0.001991099,199.11863832692055,758.8191698151678,199.11863832692055,696.1828312453056,199.11863832692055,587.873375079169,199.11863832692055,540.3862409123826,199.11863832692055,472.3711992360102,199.11863832692055,611.1265632576071
199.1338,0.0039826759999926,0.001991338,199.1250383269208,866.5189006277683,199.1250383269208,790.3981517355714,199.1250383269208,668.8651381280437,199.1250383269208,613.8518759572114,199.1250383269208,538.020049115804,199.1250383269208,695.5308231128798
