group,mz,0,1,2,3,4,5,6,7,8,9,10,11,12,13,14,15,16,17,18,19
ctrl1,73.029440958246,0.9534111487067018,0.9730521927934572,0.9205949996722148,0.959735254545428,0.9322564895577916,0.9873178163121792,0.981346840877809,0.9480853121077778,0.9765299878057906,0.9627779923672448,0.99826958044224,0.956084442670471,0.9833526582674076,0.953089185950138,0.9799478872546944,0.9202721563785424,0.9733524590971872,0.952927826967154,0.9388822081093914,0.9943732117074608
ctrl1,158.92493009626,0.9374053860184636,0.9516456381953812,0.9527051580501524,0.933846854456528,0.9388770759191196,0.9560070862997572,0.9463131872744296,0.966008870821661,0.9575968772559704,0.972435264983512,0.9345154094235508,0.954696496098153,0.959973339475096,0.9545045537224028,0.945914022390852,0.9502173806360504,0.9480667631786124,0.9516757463762864,0.9490725869301696,0.9597629095920164
ctrl1,165.01921451412,0.9927541233608984,0.9946010794677728,0.937326849369435,0.9455076145662006,0.9757777857464472,0.9736089910002188,0.9718918727339192,0.9634245813472254,0.9809656349623356,0.9429655298296976,0.9033556949978928,0.985086903252205,0.9332540619535088,0.9645357910437492,0.9895539525123728,0.9870112658298804,0.977051550698171,0.9891400131619354,0.9729851568229082,0.9747704788633128
ctrl1,176.05947424159,0.9581390596563696,0.9865294185817172,0.9300788374369736,0.9887945838585096,0.9715019240531998,0.9776522514473692,0.9811288103341012,0.997014029406716,0.9714439625851666,0.9538260893938072,0.9883242928016072,0.988524589219602,0.9846005523853512,0.9951058604839071,0.978149547894423,0.9776031141537712,0.9863306128834594,0.9528319408150197,0.9836119895586468,0.9954992635910525
ctrl1,176.93578236842,0.9808996338224304,0.9600239103237616,0.9900945470614192,0.9345427754994924,0.97966975321416,0.9559464174745432,0.9531148973802064,0.9738799657934544,0.9768609890857076,0.9554435645074004,0.9419727212046544,0.9765566716213816,0.9709700890722416,0.986674651509112,0.9434001936626584,0.9881874727832272,0.9870916131405972,0.9961319290587868,0.9560324295184842,0.9570418680022752
ctrl1,177.05702478979,0.9718864827594822,0.9895288975054488,0.9779717814183612,0.9881619917362492,0.9828896603779272,0.9871929009604442,0.9952928842985492,0.993117480057252,0.9671039287291404,0.9307869186584736,0.9871638495104414,0.9863104921799266,0.9898654366911854,0.9835997326549972,0.98971221885492,0.9785659325163792,0.9852457788070108,0.9600611257502548,0.9926913486498464,0.9894953361961476
ctrl1,178.85525464349,0.9538682964388012,0.9570272257475037,0.9145600459866008,0.9691921013479065,0.9405106007839428,0.99244597355311,0.9433653963568316,0.9775525215617016,0.9687226308721713,0.9897809428900728,0.9827596193397038,0.9624048048622008,0.9901756381940554,0.9516195110586604,0.9877825532544986,0.9634839501530392,0.9710334296010344,0.9673895100586296,0.9497585572812064,0.983662078588994
ctrl1,196.88046305687,0.9458299054827266,0.9286519908477692,0.9022681175553492,0.9552540874810406,0.9456760746572894,0.9034895659662948,0.9308547606448904,0.9283118021733446,0.965521858662394,0.988911792750647,0.9364264895087596,0.9431697405681828,0.9307330727614902,0.9226113109853809,0.9386259423805746,0.9238231701270638,0.931173931379878,0.946036974903428,0.9489949799060888,0.9397267701992628
ctrl1,198.91682025811,0.9617876819976658,0.9445124757290104,0.9325368223071582,0.918851950672368,0.9568100038177296,0.9747461137709186,0.9246866988135998,0.968620569436922,0.9616076489876232,0.9496734777876736,0.92288183593664,0.9616367263280468,0.9652046981427188,0.935203071738254,0.9530160066087028,0.938930568935597,0.9531824449036064,0.9641799360265868,0.9728278768874006,0.9796540751954708
ctrl1,221.1545221053,0.926309752162403,0.9579705220294044,0.9200477210540192,0.9532445278690508,0.91907607598834,0.9197339799512756,0.90083937153552,0.9073354732990132,0.9319754740253412,0.9623507399508568,0.9349960000137192,0.9225192985562798,0.9345537302954776,0.9566640731413392,0.9625963394011788,0.9300578456556928,0.9399564865464408,0.9354882253723878,0.9608161158781844,0.9377928264873436
ctrl1,223.02673330558,0.9615214499418532,0.9711968959869276,0.9468171366818972,0.9872201790171836,0.9708751257805268,0.9744988571955536,0.9877868644532024,0.9485491113602008,0.9698752502286552,0.9880244394623818,0.9612657385513772,0.988290759158466,0.984875727081983,0.9900497535430488,0.9910862107086283,0.9543862660779044,0.9775669336799966,0.9660887458419704,0.9270461592981916,0.9913708783767532
ctrl1,231.02746798817,0.9929877762349528,0.9877553460872268,0.993494793693127,0.9895994739792368,0.9848564418524248,0.9783522328715496,0.987378434997052,0.9953008078538385,0.9831743110996168,0.947363290677802,0.994100884004696,0.9943216202202896,0.9907595171244554,0.9961027374427182,0.9904302763617988,0.9903027878800216,0.9923871113552796,0.9943653807019412,0.9894883878896072,0.9919589609497016
ctrl1,248.07014470253,0.9824686392753044,0.9823832221950758,0.961499298981278,0.9612278436166556,0.9995752813094736,0.9818061235067532,0.9911798182648316,0.9523160759919048,0.9749231657045055,0.909692016948046,0.9897493491395412,0.9880570125630496,0.993352758195648,0.9980650190186966,0.990429053199792,0.9937963792236014,0.9830755851272592,0.9689602348313462,0.9826473269355416,0.9777713767328474
ctrl1,249.18523701198,0.9015956868578257,0.9811513273870244,0.9182123222327684,0.9271470843195008,0.9313454139911828,0.9669158342663678,0.9647419069930138,0.95222545180563,0.9353555153310956,0.9544284259032488,0.9482490754369002,0.9176556523060536,0.9744165825866244,0.9201515508665647,0.9288790240181672,0.91571557920654,0.9361302447388092,0.9186442924303716,0.9431767449369046,0.9952954158285284
ctrl1,251.20052794973,0.9462185021242188,0.9896646386039828,0.9480423372240384,0.9363327691912244,0.938891713703881,0.962726581080134,0.9873112373610872,0.9295185234357232,0.957989530376417,0.979083642498946,0.9649556291312368,0.9530081874198728,0.9419894932762728,0.9664446956430026,0.9312725796939546,0.966770088458106,0.96801963839075,0.95298676353208,0.9633111176873492,0.9907460531529318
ctrl1,253.21692413866,0.9291360694105804,0.9520163634083614,0.922072080835186,0.9528955341074424,0.9239839391637394,0.9539775942261608,0.9468602052001562,0.9516789199261996,0.929298725450356,0.9550224205172572,0.95356503943585,0.9250323104085088,0.9524271045278678,0.9288450758393462,0.9493716070206912,0.9183979873629736,0.9381719746306127,0.9429498855178352,0.9346438088074164,0.9438184912580307
ctrl1,263.20060388181,0.9479040884336816,0.9825971016545418,0.9692022575381688,0.936699659803894,0.9736888998061172,0.9961116518066888,0.9611519829346756,0.9812866164022678,0.9596795535118294,0.946135260624125,0.99230187318629,0.9769763329554768,0.9969562666116308,0.97824902178383,0.963275857190302,0.9710515167427248,0.932728295623757,0.9443347378946024,0.9892192786816628,0.9647800363884608
ctrl1,267.23180893663,0.9329548144710426,0.9634011885167169,0.9757779823030333,0.9472671896596138,0.944516816687897,0.9588110387478384,0.9291818092170664,0.939278951524914,0.9426231392472856,0.9480032081449682,0.956989507800165,0.958129439549625,0.9576751379278604,0.9568344016479744,0.9406516583337536,0.959644062045284,0.9648879603084404,0.9414272930582864,0.9372465464768962,0.9491507374054152
ctrl1,277.2172366366,0.982275139209792,0.9874994735666104,0.9828975870106634,0.9819897493234724,0.9744790396087424,0.9916384399450048,0.981323771302102,0.9921349371597163,0.9672088362741696,0.9546138023547408,0.9925730166374706,0.9772997071547068,0.9886692261826516,0.9756477633331978,0.983384418363002,0.977133576441999,0.9818712281020824,0.9859594131593092,0.9923656499862602,0.9860432366216508
ctrl1,278.22118958497,0.9823987302314948,0.9904817454425008,0.9765510777499458,0.9769647722282324,0.9820197946903358,0.993491046027641,0.989604372550694,0.9935152419606658,0.9737109744658689,0.9648284708668292,0.9931211796358842,0.990309054015972,0.9925926739477772,0.9836604131138302,0.9871920309413658,0.976336726876466,0.9909358075125568,0.986963609044258,0.9911263297651052,0.9913970452845996
ctrl1,278.87159452296,0.9140279207504314,0.96610032075389,0.9760499214514312,0.9150107560229872,0.9461752563118996,0.9488481418524544,0.9489030586486292,0.9641327768448912,0.9624282218230727,0.9943604038133412,0.9465994001793044,0.953791790490186,0.9655572680014493,0.9490430906460904,0.9446265340252626,0.9464448033556108,0.9573456849781562,0.936158161937692,0.9481117523688444,0.970992949352792
ctrl1,289.03460129754,0.9860622733046756,0.989972215526846,0.9854028232230504,0.9738393643795732,0.9859624405684893,0.9957503552342788,0.9931125874770323,0.9802384227953426,0.9865798219425064,0.9902097360275942,0.9926846115817388,0.9978503045410088,0.9954833644599664,0.9920239264972558,0.9812201480375202,0.9995950806505648,0.996429298540238,0.993521726686034,0.9954874389495674,0.9928408601111212
ctrl1,324.28939250243,0.9693630335260144,0.9864378974915996,0.9121506385469648,0.9607231895715884,0.9932207537020044,0.9821547642671236,0.9812298265232772,0.997037386824076,0.9471017504354096,0.9002757808438294,0.9946283343348942,0.9993397032636884,0.9774388615450672,0.9486210072326454,0.9682897518790742,0.9669406056958708,0.9767875218948742,0.9535306579959164,0.9166922359150248,0.989316472465302
ctrl1,393.24039950066,0.9816474230120948,0.9897289556770444,0.964819553098358,0.9794670831813596,0.9768172493232676,0.9804508173476748,0.9847722334962882,0.9771647860237233,0.9876381136889412,0.9764222538227698,0.9707895654048908,0.9703627960752308,0.9821433740674168,0.9557783052407364,0.9840320349758866,0.9601460906642312,0.988306624255397,0.9888365890147276,0.9748934513603336,0.9751918333993383
ctrl1,394.24444121472,0.967941599576974,0.9859592182868492,0.9814844570529436,0.9804540213431168,0.9733124695706716,0.9898194515334686,0.9893334354398852,0.9797766751738688,0.9909770674682308,0.9620438007924008,0.9704662234653456,0.9784205737634774,0.9818153071002972,0.9351786889198191,0.9765503755152972,0.9455310614957988,0.9768072831148196,0.9710459356996736,0.9659050975428782,0.9471502395374496
ctrl1,416.22920276165,0.9328120158224892,0.9680399336810154,0.943596512378557,0.9287242708281184,0.935203140791661,0.956455736506874,0.9557341239956716,0.9536500464620586,0.968612101511504,0.981938730863397,0.9401543720316948,0.9278189816302932,0.9478886362175052,0.9162664657177813,0.9589704895286262,0.9161524145961312,0.9612871201299136,0.9471869968660844,0.9429718566095092,0.942000204545901
ctrl1,433.23531812981,0.9130372343329628,0.989197794973647,0.9448810760929236,0.973729566025212,0.9569499560456992,0.9935663330835924,0.9895778410971132,0.9793413888309026,0.9815503663682358,0.963833909403821,0.9867568885276572,0.975824879076174,0.9880007987548468,0.9643052568359204,0.982498240963412,0.967252145478138,0.9763158006690996,0.9072956039465224,0.9704966158101496,0.9745070762546596
ctrl1,443.25313578602,0.9393341939121193,0.9831778441576678,0.9666502917994771,0.949646990490226,0.9674698435307738,0.966670153037532,0.9802603617859502,0.9706018863246996,0.9856220132882684,0.9607979559733726,0.9759194127467766,0.9639954097039786,0.9751568981628576,0.9515643673771624,0.9732611939819716,0.9566928099314695,0.9769812427445554,0.9470192329766812,0.9733197032830124,0.963873781483062
ctrl1,459.27354316006,0.9733710016722268,0.9864991521732012,0.9639621225668288,0.9693721930607068,0.9750048212162196,0.9746753615789244,0.9851922901714986,0.9866081818099612,0.9910878278848684,0.9708583848066694,0.9552385342513352,0.984715249537898,0.9825865715944656,0.9707652882315748,0.9855356426611284,0.9674332724350412,0.988822711017067,0.9823238514831876,0.9744315234125116,0.9614617184612232
ctrl1,461.28726488296,0.9769519202770088,0.9865113813483825,0.9464249472418148,0.9657236621295032,0.9747255978665668,0.988853156096291,0.9771238862826436,0.983091011422685,0.989403010132494,0.9719084888360954,0.9564094836150658,0.9741433736132932,0.9752549542473448,0.968336838863614,0.9737777781825544,0.9771253319001872,0.9870715460025028,0.980591878466287,0.9777442318108412,0.978784678030812
ctrl1,480.27120101397,0.9821041152644284,0.9845770926283456,0.9847490721051018,0.9853576530249564,0.9847093752185944,0.9921391966646272,0.993430590181426,0.993338948011795,0.974634030525134,0.9481323265554128,0.982668246085065,0.9799374756347896,0.9885523789062252,0.9716003228226888,0.9889753584736156,0.9757782588225656,0.9939311640592962,0.987760080462453,0.9912239257749343,0.9837870618204916
ctrl1,503.26451362708,0.9884989295804512,0.9896191993761372,0.9905844561929792,0.986379897680214,0.9905200745555504,0.9878734598023176,0.99361031553539,0.9960979435499854,0.9754127136298328,0.948324554030492,0.988036747913191,0.989342776316292,0.9900642845097596,0.985442182149828,0.9909025762848188,0.9880304785636064,0.995329571154263,0.9905447406031836,0.9958517978681928,0.9898468911661026
ctrl1,504.26952758518,0.9810250666940544,0.9894234663061536,0.9858701435901002,0.9859444451306496,0.9801358429115488,0.9887940933328542,0.992624882896828,0.9928867135869764,0.9841133694752804,0.9635380996175636,0.984726858404495,0.9783700033970466,0.989899497037574,0.964949964090542,0.9932896777113772,0.9720300006718012,0.9914456888369756,0.9790999305141916,0.9950212239795376,0.9883204981535764
ctrl1,578.28439320962,0.9507847642314332,0.9913565607120464,0.9805107254362648,0.951989853486324,0.9692870024560292,0.9740023569661788,0.9848700928779686,0.9755406259254206,0.9358816349017604,0.9280054632433596,0.9890413533590876,0.9700308544184316,0.9873846532752728,0.9629098947861264,0.9844097134999252,0.9423884795581698,0.9848264455879734,0.9507499821051172,0.981310826804523,0.9827864480668717
ctrl1,669.44274619687,0.9095498196443048,0.978689589343831,0.9898701276324328,0.9185178717458974,0.949052371881446,0.982953696530722,0.9782806853150624,0.9810221206003475,0.9818132182209576,0.973233911026994,0.9516712688412085,0.9650280250666716,0.9825878638411925,0.951570688403264,0.9747391578551224,0.9358739644978554,0.971903312499322,0.9126795896588548,0.9888612021147511,0.9835877034980876
ctrl1,671.46415998698,0.9796074311272016,0.9802976112874778,0.9693935860326066,0.9767731236535288,0.9749219289085091,0.9762149454772416,0.9833630165366728,0.98620191019145,0.9778522111918114,0.969233316798464,0.9789552477107184,0.9723665606249134,0.9772167338958336,0.958399140148924,0.9821092425291652,0.9640786047289616,0.9871954403173264,0.9874068574018684,0.981604436111718,0.9724919153859368
ctrl1,672.46874873485,0.9783897784944392,0.9780336615412912,0.9828044360146256,0.976164026564249,0.974231337110306,0.983235071816401,0.9827837050859682,0.9825330849689222,0.9755047341817884,0.962467567817478,0.974677611180266,0.9764779388637526,0.9763412390804702,0.9549122684624278,0.9832437768036556,0.966296940544202,0.9915545584473208,0.9838661930068534,0.979922487261253,0.97648282832492
ctrl1,714.50899386431,0.9708604441321588,0.968141265772153,0.9577205933536606,0.9727606694996548,0.972925311744231,0.9691558952230014,0.9819525094822484,0.9800147989980544,0.9811478196769202,0.9589488038269272,0.9593159255113488,0.9647936403685028,0.9657608104920612,0.9434171042815824,0.9753092753355598,0.957508824551367,0.9749559705676828,0.9771492779549124,0.9794333952465544,0.9569917470425624
ctrl1,715.51000608975,0.9602813848913933,0.9720269096424532,0.9187397373140136,0.9519208829328673,0.96420393743665,0.9710740134927978,0.9846959974208884,0.9515146135034566,0.9704784588996104,0.9705824519205504,0.9531743460604748,0.9698922344905198,0.9649382268093646,0.9506425092174504,0.9773326155710595,0.9549471439827198,0.9704491420860374,0.959536594224894,0.9862572546871904,0.9731080589015332
ctrl1,744.49083927447,0.9880635192875972,0.9965340316314878,0.980326887118621,0.9962498099489469,0.99083540820988,0.9991667967551106,0.9976890665216346,0.9999788127307756,0.9739572171618792,0.9288410592763242,0.985616269053094,0.9969334851735556,0.9929366486571904,0.9887493072628092,0.9971640363913306,0.9895423645711918,0.99207690752701,0.9876106043873192,0.999456662472842,0.9972138077128452
ctrl1,761.51169262237,0.9874016754463708,0.9913674290783112,0.9768486784312002,0.9737698885927536,0.9929416813681146,0.9870055976114238,0.9895225958274336,0.9913969922868976,0.9796493411460278,0.9000721383282354,0.9837938466376416,0.9871597003893492,0.9834443787763704,0.9677538277563656,0.9888386287592628,0.979740488813954,0.986184007525838,0.97946897947969,0.9834766792570412,0.9914410938671988
ctrl1,833.51812258925,0.9753833978681756,0.9783301162405668,0.9811429004894248,0.97148500100575,0.9639206049636132,0.9819176032807024,0.9804884143984612,0.9847844334120368,0.9715951236258472,0.959485279662172,0.9722161342141704,0.963192261870178,0.9779251486238236,0.9465512962311065,0.9851981641220144,0.9549941711904426,0.9842193904651538,0.982271258798712,0.9809354304679871,0.9686189770362732
ctrl2,88.040548830115,0.9377692515333794,0.9720582692007128,0.9706240457338376,0.972028754354044,0.976487077929884,0.9712377902974804,0.9714073582592648,0.9585286198177908,0.9944510367713106,0.9609818576765784,0.907524344596618,0.9684239168163806,0.9835590540327284,0.9678998581529932,0.960109923376398,0.9675950803088929,0.9415472764109348,0.9297880626622804,0.9714719577092328,0.962204774629258
ctrl2,132.03038978111,0.9412500038519356,0.9703971028144182,0.974097408540239,0.9672975482068836,0.9729772378868262,0.9643818366183708,0.968502555758004,0.9629720878718734,0.9927817408197946,0.9597197612284792,0.90165244011081,0.9633490632223196,0.9817430351987494,0.9739105263614636,0.9621962094722076,0.9623492049803866,0.9582909141176504,0.9447100966285156,0.9694814119302082,0.941389214168687
ctrl2,177.05702478979,0.9300763107765744,0.9863439773351116,0.9790999931100424,0.985952590276588,0.9727227882123008,0.986733438019676,0.9747213145512772,0.9867798991817752,0.989264586484924,0.9897857458909648,0.9878304782390032,0.9832642485340242,0.9453698368135632,0.9744271409219846,0.960193225030382,0.9758117744768732,0.9872469420534143,0.9880579809553168,0.9752836607241594,0.9806088369685289
ctrl2,249.07811049141,0.9204209151959244,0.9344786470420504,0.9201366569562336,0.9625810675412954,0.9372957569074558,0.9581854862757893,0.9429154461271266,0.9681145773136198,0.9726241600484477,0.9263337683297456,0.9774647461110852,0.944757817736916,0.9122707680711686,0.9678342485446176,0.9377701087741422,0.9656696194008816,0.9051543346259584,0.9807850327063168,0.925628939212204,0.9411766141875286
ctrl2,277.2172366366,0.9630441193467856,0.9885318524385376,0.978964281855004,0.9775875685115716,0.9668804282002098,0.9755282852960844,0.9812581184936336,0.9809955952919868,0.9946722567275544,0.9502985733927666,0.9498770210184534,0.9833911931961118,0.9864905869171428,0.986525233422142,0.9660682683333142,0.9712041511646984,0.975161057283382,0.9705657591704612,0.9693489299771518,0.9281272334564596
ctrl2,278.22118958497,0.9700138607379444,0.991927207053396,0.9846256382162456,0.9637573307932232,0.9836333799851112,0.9946776158932796,0.980980588833698,0.9964750667981044,0.9820308359291944,0.9321016729497468,0.9734252187401244,0.9900003550658082,0.9869212855200808,0.9921935622201216,0.98166270579105,0.9822788580414272,0.9817465929058494,0.995778005390165,0.981133223779026,0.9673902452314348
ctrl2,278.87159452296,0.9737207246664946,0.9645492024598178,0.9788364148357142,0.9413563777447516,0.9718074281561176,0.9782441135547144,0.9717339600112468,0.9606910421738044,0.9746990465668576,0.909484578739734,0.9722215899318832,0.9839479919493136,0.9808394734271384,0.9611080688966752,0.9847399523349294,0.9828022825077672,0.9278251387919668,0.9650876256789496,0.9644175863029368,0.9247827076997952
ctrl2,393.24039950066,0.9611410187832296,0.9925391518414848,0.9802547214387336,0.9407357035762904,0.971339563388211,0.9311208531162962,0.9637331405579128,0.989145365821095,0.940651403371879,0.9581691278471688,0.9831804327092464,0.9774150027699752,0.9802025215522264,0.9699529648039972,0.9753655543317002,0.9607282933865828,0.943416984946808,0.994001080933745,0.9600106384698988,0.972270165868486
ctrl2,421.07504256736,0.933438478825842,0.9877216591577112,0.9918260728812563,0.9783932765960826,0.98099113481075,0.9715533215202008,0.9925765075412885,0.981647198192018,0.9778869109519788,0.923040960251848,0.976821586279428,0.988283789383908,0.988994975993208,0.9879618810127684,0.9719067998074652,0.9918080916724588,0.9798818667926384,0.9849407105277252,0.986035270976609,0.9631270550357416
ctrl2,480.2736023738,0.9575886129137215,0.9809542686281308,0.9686177968494109,0.976432924146752,0.9761254629018944,0.9422400522029528,0.975777776942032,0.9753370986470076,0.9309903615355326,0.9772065753849628,0.9426418783302712,0.9657764383816362,0.9879158144644932,0.9759501589099648,0.9740937006814678,0.9756355649131612,0.9656680380392492,0.9835432297414948,0.965941667490873,0.9715445353012094
ctrl2,503.26451362708,0.9657548663186808,0.9844447109226638,0.985016664737553,0.9728487135524566,0.9916975920463738,0.9616890851908716,0.9934193249924358,0.9809886011940264,0.9442465212632308,0.9892858984502658,0.9697772158892756,0.9640667796143704,0.9824942080209148,0.9858941543717764,0.9753377711689304,0.9867900912782652,0.9592137335573786,0.9837956369113956,0.9844278557208852,0.9806344330632356
ctrl2,671.46415998698,0.968677263084036,0.9863602790128438,0.9771618979672456,0.9571229992109396,0.974100164966112,0.9399388958359016,0.9823160940987938,0.9843357762554436,0.9494655173306272,0.9637368469649942,0.9604237402122234,0.9630339724432656,0.986715990417058,0.9724925147119988,0.9672748309979164,0.9685068521968544,0.9465637651094242,0.9859626891977918,0.966860675617695,0.9649086581003032
ctrl2,672.46874873485,0.9638153515000194,0.9877878644582806,0.9725254303360686,0.9314263154223156,0.9790438068843276,0.9160563182748356,0.9825482534097342,0.9854135996158374,0.9336010063378998,0.9720479897701644,0.9926672227506302,0.942155556485158,0.9798042128762062,0.9728673081692296,0.9714257436193192,0.966967706205078,0.9463378093918468,0.9898308789360712,0.965076008915248,0.9738689365629865
ctrl2,714.50899386431,0.9608309042107906,0.9704575323188476,0.9633951601816052,0.9395092968224426,0.9694957951640868,0.9182441366092678,0.9693816677093164,0.9727643086534296,0.9289398237101294,0.960619800259116,0.9312037739491974,0.9401903855045532,0.9704962012904892,0.9604715833727848,0.9650700497330904,0.9642207113209914,0.932124175938028,0.9721424073226383,0.9770942126080034,0.9500315458215892
ctrl2,744.49456173459,0.9584286028459092,0.9821610101292148,0.9965462147918016,0.9721865026113524,0.9722020123055858,0.9643627562324482,0.987760644475493,0.9914019156422974,0.9155831997279328,0.9094484413208626,0.9392187249008698,0.9554683851607144,0.9705649411625694,0.9717214564923304,0.9702596654431084,0.9920092758459688,0.976520793191392,0.99395774540921,0.9895763978755368,0.9892110134148678
ctrl2,758.49827954296,0.9467581964813474,0.9824305619630006,0.9965894165581112,0.9764765543517782,0.9858430584351972,0.9762347177969456,0.9928889042294556,0.98006941388527,0.9833481676845404,0.9745154106366268,0.9876966378535674,0.9702897237108687,0.989951104610154,0.9806653770439446,0.9733185817258148,0.9925977754951634,0.9784195646859764,0.9803837139437752,0.9837742052931858,0.9615109856196682
ctrl2,833.51812258925,0.9510867305340224,0.9729402867196352,0.9491582703301964,0.9488957699318776,0.9577895889699936,0.9186371820601402,0.9585706368522736,0.9785536483359156,0.9296111797614616,0.9542394501933148,0.9743387030683588,0.9529701140164928,0.968937658522382,0.9454604276558776,0.9556951271397034,0.9605026818889462,0.9221094453290724,0.9726746425676904,0.9525686922410332,0.9295593832211986
ctrl3,59.013890864602,0.9786138476520728,0.980282407173798,0.9674077409649436,0.9495532404930396,0.9854452861765484,0.9801760124605616,0.9575089678198292,0.9840013272792144,0.9643798960950738,0.9553273948370496,0.9688720447448216,0.9431099496107006,0.9228009398535602,0.9201373190814204,0.9739991914406962,0.9431262208935732,0.9264871604753387,0.945089524384422,0.9700842635425704,0.9695742832915882
ctrl3,73.029440958246,0.9755109885009696,0.9544430401941396,0.9611276617041248,0.9772292051349608,0.991662597775238,0.977539584509034,0.971136210468117,0.9803088380043388,0.9815944307893922,0.9645191574374176,0.9337005769157238,0.969922854036021,0.964246795561182,0.9844348584783196,0.9745282392817762,0.9737976835802816,0.9547158560696618,0.9274497716735652,0.9430347662693124,0.9979200678343668
ctrl3,74.024613171262,0.9808851699400408,0.9641516546981888,0.9716161871907516,0.9886070740968732,0.915228742217746,0.974006102210276,0.9807916642619005,0.989297993246641,0.9906454767043096,0.9741549864249704,0.970947824647676,0.985897413159025,0.9782346932318062,0.9485862246383676,0.9842779109975982,0.9828610222875542,0.9738773929913392,0.9038705312675022,0.943827338904091,0.921843072464008
ctrl3,89.024132120511,0.9783798768443795,0.9595200689280774,0.9776802318481548,0.974577020334087,0.973009613152951,0.9699098017048968,0.9682412994749668,0.980643731645066,0.9705088736244072,0.9668896543466566,0.969663767907603,0.9683385255188384,0.9682986322823512,0.959048958813698,0.9739121377773232,0.9742042804983304,0.9698679110621512,0.932023418475633,0.9790598160042504,0.985600844669929
ctrl3,100.00371892575,0.964514148199428,0.967473993560351,0.9577454134766358,0.958425344806981,0.9414679291639504,0.9936016225000156,0.9621434598722224,0.9707422076924612,0.9708778967648112,0.9526676031150572,0.9208087671243776,0.9585600573643568,0.9648378359311915,0.933961812803972,0.9637373794436298,0.9200883545660956,0.939230249226925,0.950761742989935,0.9605493497895766,0.9358730233854446
ctrl3,101.02392452913,0.9885896289636354,0.9924554906982632,0.9790661979475052,0.9840035423195176,0.9908774762679392,0.9739879860729188,0.985803515040334,0.992010434058844,0.9896512217142446,0.964524110476626,0.9954670966444766,0.9837011879927836,0.9857186610966892,0.992585560320034,0.9857113762985416,0.9955296846397238,0.9897054255039516,0.9352425944338876,0.9741006250120048,0.961997857271343
ctrl3,110.97525847124,0.9911317953784426,0.9597741925922048,0.9656561147049192,0.9803859481019302,0.9476544691677412,0.9808286214750714,0.9717648821904952,0.9872557706707932,0.9779005219761,0.9984048376377848,0.9452390651414552,0.962171443320914,0.9579374997585725,0.95658246989525,0.988552469961967,0.9681617224207544,0.9331077507190024,0.9841470905918837,0.9393583004568916,0.9576268828784684
ctrl3,113.06040833082,0.9295331672292818,0.9457104318068336,0.9518466539083722,0.9318862914161984,0.9432766261644,0.9944595994193964,0.9603914537203034,0.9444500756649384,0.9619335230006452,0.980879005760772,0.94343277387184,0.9303312106397976,0.9059667075718078,0.9457987877384084,0.9475153373466714,0.9301860852540365,0.9099088296215638,0.9696783788998022,0.9349165356291858,0.9444514629716612
ctrl3,116.01125815079,0.9871307373382188,0.9527465275405876,0.9987153451803886,0.9904987462254682,0.9765744890014706,0.9685300530390438,0.990101253109139,0.9868696869422288,0.9842775513251468,0.9047975733975916,0.9687131531134296,0.997357332709046,0.994580234340936,0.965923977742228,0.9899652817308756,0.9878854084672598,0.9737972207180016,0.907480898579166,0.9169650127302376,0.9902731174012668
ctrl3,116.07159963754,0.958546878684565,0.9822238431450911,0.9423540949950592,0.9630887511525712,0.9362161276248312,0.9446043187422448,0.9710514443404228,0.9585212843901793,0.967219187161799,0.945275104830468,0.9750985725769472,0.950194506115736,0.9704900003910496,0.9534659981845846,0.9631130431205204,0.9347834546172704,0.950019313345124,0.9128684083496684,0.9690198043804912,0.9582505625047936
ctrl3,118.05046748257,0.9919492864464244,0.9821183572738088,0.9859962424503445,0.9926539871490866,0.9911115955720164,0.9729288493745312,0.9714873689212248,0.987865737649261,0.9973012173556258,0.9844447784137847,0.9658289834698168,0.9941250606711292,0.9616238283764894,0.9906340787943744,0.9888623687049536,0.968689455648204,0.988182052313992,0.9069235200128728,0.9619022618263936,0.9495554817136346
ctrl3,119.03495815795,0.9913191922972918,0.9693685499014472,0.992895690022606,0.9965609235120108,0.98930721203241,0.9733367511803376,0.9944888924011134,0.995651202652476,0.9871294669991564,0.9300180535780777,0.975095201449651,0.982818763426109,0.9768290452132824,0.9736272891865752,0.9914363499430252,0.982677959033834,0.978604558119906,0.9088437813679612,0.9718557849201068,0.9858072636073903
ctrl3,127.07623176646,0.950212352200758,0.9466697499608224,0.9411074438688692,0.95742752568968,0.9297847092991752,0.9903478340151532,0.9332109011731078,0.9390136384017366,0.9619034051460332,0.9807418525404692,0.9043170972988612,0.928301653000993,0.9237086521698792,0.9362281877163172,0.9568373131872686,0.9046179892665904,0.9297029659296412,0.9849540325814662,0.9591140908493324,0.903925441499236
ctrl3,134.98478947867,0.9534422477350446,0.933799005013503,0.9162966968326548,0.9416705607567912,0.9143747072996212,0.9743986759744332,0.9354919590423478,0.9501135120558084,0.9463941596162188,0.9634558985185898,0.9025593511050108,0.9070595858201856,0.9223573426765078,0.9388526914070756,0.9531041836338678,0.901063366197153,0.9185997177029164,0.9335065980154598,0.9591716225622832,0.9042109462480454
ctrl3,136.86254335662,0.9928117583995342,0.9799065710819408,0.9737865255913164,0.9898950827528188,0.9812319307593772,0.9985500444981776,0.9783518967168316,0.9923782663800428,0.9836249570159532,0.9884910619834596,0.9859346436779196,0.9586041024563624,0.9648733749456844,0.9798095186756404,0.9948194965237704,0.9739604386666402,0.98132830039415,0.9734670782873242,0.9952866054450282,0.9778201528662102
ctrl3,137.00015922784,0.9583423161398572,0.9392084845854776,0.9191972734254406,0.9285442462183976,0.9228516107757618,0.992756465786854,0.9290507450492697,0.9463452645031584,0.9245120734408536,0.965259519240358,0.9001273326008761,0.9128938583558508,0.9228271946118846,0.9369898455095504,0.9512718880352934,0.92325152426716,0.9320954385044364,0.9770196104929684,0.9788929891772388,0.9170165566954098
ctrl3,138.86011726406,0.98640154770417,0.9257341566763656,0.9602117735604324,0.9851339838736106,0.9674920520800157,0.99851149173403,0.9702085229394044,0.982914710043478,0.9856804192564644,0.98762344441305,0.9324422340299192,0.9297568689134644,0.9460924873637488,0.9692090857951282,0.992044649197658,0.9455934717558728,0.95512628721535,0.9767512324546394,0.9987545706809888,0.9388110813369432
ctrl3,145.06139056687,0.9524586431193244,0.9420954891360606,0.9497700352521454,0.9491938659726166,0.948257081719562,0.9792340563058044,0.9497173980084622,0.954637610816075,0.9518164940610204,0.951533546972195,0.9437114853148102,0.9459343215744755,0.9438523854568124,0.940199662851473,0.9540636612368572,0.9442190113290464,0.9339535684722317,0.9392873279188112,0.9618668988825972,0.963042534346227
ctrl3,148.96434944924,0.976202126487541,0.923680320140898,0.9720145756869752,0.9773035823348372,0.9210422769386506,0.9773271558554082,0.9578493200003024,0.9813770200685878,0.9636753213045892,0.988252627255626,0.9266297447407368,0.9176687912809924,0.935660799007058,0.9479848298296156,0.9754684200802276,0.952751367555562,0.9716617530798388,0.94655980283816,0.9930401222845324,0.9035466252097756
ctrl3,152.89126587665,0.980169267595044,0.9491038792951708,0.9444365076922684,0.980120997879009,0.9794678098142208,0.9688678807218424,0.938424849916304,0.9886288796895888,0.9704642745708796,0.9808415098312442,0.9338264783232488,0.9208628668632416,0.906105724459637,0.9555615154271968,0.9849710658299272,0.921990612039866,0.9734390395790868,0.9405659844271156,0.99302338742825,0.9548176432616434
ctrl3,158.04692111312,0.999386998034527,0.9559455008198854,0.9811744884739564,0.9781974597186534,0.9904972551433572,0.9850419541591998,0.976750983690998,0.9793548488568596,0.9664912883175766,0.9696472460301172,0.9143232431491768,0.973162435339524,0.9898985527727904,0.9499721277319784,0.9873124366244758,0.9245902281318148,0.9932016286412356,0.9550788759598452,0.9641650487206984,0.9837974016830784
ctrl3,158.92493009626,0.995358084899684,0.9872308797591552,0.9856649670965164,0.9921391138862756,0.986939613093562,0.990981744748058,0.9874079755420456,0.994190133945134,0.9900680603423576,0.9942097292773656,0.981286714927981,0.9808525307233432,0.9827745880338716,0.9894007258157436,0.9950032950468308,0.9871199991728944,0.979037177561904,0.96968268283724,0.9885269031180444,0.9879328367448632
ctrl3,163.123393416,0.955859646058109,0.9267162389333236,0.9504222623261654,0.949458337622857,0.9610758480039148,0.990331477912648,0.9301331281628664,0.9463551288303376,0.9387816622620524,0.9457614660898156,0.966997180675201,0.9158165697637654,0.9153549419663992,0.9142341570366248,0.9406185737052972,0.964112616530554,0.9319954037083532,0.9410574217248996,0.9728218793592268,0.9427084400224264
ctrl3,165.01838942086,0.9489599477897392,0.9143286938114438,0.9588471949859304,0.9562219481223762,0.906644735823004,0.9772405704276024,0.9437846109281608,0.9690485904523138,0.9469756446563488,0.9449002076392292,0.9411788524270012,0.9482626920984676,0.956522767675286,0.9369752714162296,0.962493767657548,0.9356651951905032,0.9437581267133844,0.9959814423668196,0.944270208287091,0.9430467087108848
ctrl3,165.99072501285,0.9720100974960402,0.944993982619526,0.9497511279470996,0.9601440854213684,0.9292292852076418,0.9923981283388372,0.9492142174963144,0.9678563455575316,0.9558713632613066,0.9879696921680602,0.9279862918333068,0.929047955229084,0.9430713765891756,0.9236146814677284,0.9797340256744456,0.9352164579169762,0.9464843955527108,0.9788789942687096,0.9685358689496364,0.9251627625060556
ctrl3,169.12310748045,0.9328710741254896,0.9394292434866706,0.9433708013371352,0.9405384859020604,0.9284860718696228,0.9966911466495167,0.9253091059480136,0.9437321172487216,0.9549786923816151,0.9814429943875608,0.9288248562161594,0.9160920767529876,0.9309361438136255,0.9283191720347906,0.950921116659644,0.9337903417269384,0.952065374316841,0.9923778566385508,0.9505555751252046,0.922996345821452
ctrl3,172.94037398637,0.9774709419556524,0.945641927741865,0.9468223801879287,0.9590968776481286,0.9532659453353036,0.9854100573889356,0.961491991602056,0.9811211235737888,0.9623875351939196,0.9756976787516,0.9580631504425838,0.9503432190443784,0.9450843307367168,0.9582702632377323,0.9735111164353224,0.9267988038448048,0.9247685686134844,0.9773408229211455,0.9853376315282372,0.9607758131619708
ctrl3,176.05947424159,0.9710905127825225,0.9843047245754116,0.9809409649674616,0.9741561016289896,0.988749741886025,0.9786052842716414,0.9843188987753984,0.9769052144689124,0.9818103041697924,0.9675208664189444,0.9774139820419918,0.9864684183171624,0.9782800314525046,0.9823470950467672,0.9750356656772712,0.9729680024789378,0.9859683300425084,0.9225857920485274,0.9769144779856012,0.9875234360272124
ctrl3,176.85706353315,0.9969806317688248,0.9992420238515728,0.9928090583918552,0.9957714652805232,0.9950560152547449,0.9941236020988152,0.9921185600253852,0.9980837146741436,0.9980558166001848,0.9848315371596322,0.9942904560526384,0.9864019915712,0.987026941255502,0.987671305975328,0.9995871380997136,0.9921743269326824,0.988210651534656,0.9916743002515632,0.9970220856667416,0.9981916908919016
ctrl3,176.93578236842,0.9985171606968688,0.981629784202068,0.9928130683081372,0.9985388228395128,0.9835797947540276,0.986950930828486,0.9934526959629972,0.998092070519111,0.9965958429870264,0.9857436982671336,0.9775886243580064,0.9899238908381864,0.9923400063612732,0.9873062064760636,0.9987379905120471,0.994929324472614,0.981134047321411,0.967125237158156,0.9792484124603248,0.9851618173334624
ctrl3,177.05702478979,0.982369493952762,0.9915099501393362,0.9882021606632037,0.9863018170273904,0.9950618657379046,0.9889718243585164,0.987075334247,0.9859401205714928,0.9890667046220932,0.976723365788484,0.9924647254057932,0.9892087144211404,0.9882342784610813,0.9927060214382684,0.9864156777882468,0.9916205556204516,0.9929640693596892,0.9404638610639816,0.9831619490821631,0.9968299536838756
ctrl3,178.85436037026,0.9978454182374912,0.988734526426882,0.9944652804495976,0.998007975827238,0.999312012195362,0.9965435731363302,0.998956949804254,0.9995870986278592,0.9984377495308612,0.985466307176054,0.9887667469309483,0.990881653929791,0.9940600914471408,0.9906033958839108,0.9970874200818804,0.9979323590285212,0.9799491828261196,0.9920610103850044,0.9862159389019386,0.9930414224700402
ctrl3,179.08164949912,0.9650914448978474,0.9927906979300908,0.981910049611398,0.9748574193462408,0.9744021326407458,0.986208846414062,0.9738201347773736,0.9650668436252124,0.9642158919541488,0.929359787375565,0.9762249441673728,0.9794074738830072,0.9834547430786376,0.9910372978463744,0.9766972965444538,0.9655782676260376,0.9827021868561988,0.9116499640169152,0.9406256990920584,0.9958722996243188
ctrl3,181.12218051069,0.954715725036263,0.938286375054164,0.9687764394876196,0.9712431024093792,0.9363144324332844,0.9987887834962976,0.9631802447829124,0.964367065145348,0.9728237142295066,0.9849649633956756,0.9399540641677748,0.9432848327984132,0.963874492408868,0.9363704050971328,0.9709325532173776,0.958072659849072,0.9401396669475486,0.9750551727614766,0.9625928454686276,0.9506385712839196
ctrl3,195.13795425395,0.9542917128415812,0.9739553191514244,0.953531685423555,0.9702382314582916,0.9463454053877232,0.983621299639014,0.9662357634830236,0.955405030209954,0.9614464203821138,0.9814994449387968,0.9203074221983436,0.9367699776408562,0.9495556401987146,0.9453185714746788,0.9673768387069857,0.958840330311171,0.9452427345827052,0.982920326608278,0.9757966590692608,0.9411247006503524
ctrl3,196.88046305687,0.9959680183476076,0.9716852755837798,0.9839953106087488,0.9937216752633616,0.96935094470687,0.9944140552401468,0.9900969119737202,0.9958699907052488,0.990865890267326,0.9898136664151704,0.9867837286366856,0.9802480167515544,0.98317100773235,0.9840590660934748,0.9972826998131272,0.9792697540647234,0.9686509848213372,0.988349737387463,0.99939939995282,0.9871797904719642
ctrl3,198.91682025811,0.9976550266836656,0.9725788116106197,0.9888777548806306,0.99087233379493,0.9734108383942154,0.97790762343572,0.9892408254142386,0.995616238137654,0.9932892176773722,0.989127886158992,0.9650887041483204,0.9839122163769268,0.9809415720651584,0.987332200439572,0.997486415982855,0.9748507647161344,0.9744902656513528,0.923663927835186,0.988401933886034,0.9853897518257018
ctrl3,199.07203576283,0.9346287148351392,0.9363864073481404,0.9233401503720572,0.9305785740203136,0.9398817473655116,0.9718303008249256,0.9237830729599426,0.9413837014198688,0.930733294290734,0.919517643700609,0.9273089224010664,0.9157643384667412,0.9218025569404557,0.9376458889107502,0.935996239248251,0.9183859977686792,0.9316734427178136,0.939366237746534,0.9347644378380192,0.981900224157578
ctrl3,207.11345024356,0.9587321108054974,0.9475042071095364,0.9594448449730594,0.9552627842711856,0.9615374881826232,0.9880581769200936,0.9555314296141642,0.9551397327143452,0.962269908367644,0.9432569498547108,0.927446664988856,0.943384391089434,0.9577135366538388,0.9507608919010184,0.9591114462762298,0.952450711493838,0.9213425806176788,0.9551034269637426,0.9707796462624584,0.963719152692072
ctrl3,213.01587349128,0.9719492021138346,0.959921702448444,0.9261006673284912,0.928463410390152,0.9492920360659024,0.9702411056222864,0.9432125490889026,0.9648507511221108,0.9634620265046344,0.9153288761682692,0.9262808568316192,0.9183907645937892,0.9146482040388036,0.929916502086198,0.9672817714007954,0.9569814612846592,0.9340220286094492,0.9269668132021582,0.9318335133821856,0.9386627743736664
ctrl3,221.15341633646,0.966711019010624,0.979736480960492,0.9515663209463272,0.9705566926877052,0.9550325689075186,0.9919173375917428,0.9766249915298852,0.9659525732491298,0.9643360421731284,0.9918269462460632,0.956013684539374,0.950984190713988,0.951700368538049,0.9782034230079109,0.9737894038760004,0.957898763011403,0.9726024699315476,0.9939759174805102,0.9773000532569508,0.9614886394317752
ctrl3,223.02673330558,0.9919596002210362,0.9938462162924928,0.9884286264731712,0.9917635350660722,0.9705482468453842,0.9391154756991468,0.9926839007654872,0.9969745010982004,0.9969030541503282,0.9936266415531416,0.9614002827397836,0.965635772558159,0.9944562721068726,0.9944782795858982,0.991012895504654,0.9844552815957284,0.9890660191186854,0.9726153523345136,0.940732363242888,0.9881523418785606
ctrl3,223.07245843096,0.9459970471256322,0.9330916228965808,0.9599360281062376,0.9473335918792029,0.9381072238587874,0.9836220134657778,0.9531418802051728,0.9507507449271942,0.943414305219932,0.9353394829774204,0.9396664473204046,0.9553025549981446,0.9499097158809684,0.935198306157874,0.943750128933948,0.9679225949547,0.955119649558844,0.917193167017622,0.9616340327199432,0.9484418235704448
ctrl3,224.00797201485,0.9778882931468176,0.9042876756969588,0.9671695634547736,0.9614720588559826,0.921271037866904,0.975944228756528,0.9539068619018632,0.9826335056522932,0.9475995924763096,0.9692619208826878,0.9587572299046986,0.9602625924666112,0.9518081951204992,0.94410364858044,0.978463609598434,0.9219717761741496,0.9309797798457482,0.977641500312037,0.9666919477724324,0.9395166681932182
ctrl3,231.02746798817,0.9993222606923025,0.994017330408013,0.9987194852110504,0.9990052143301184,0.997858499567552,0.9912248539285508,0.998885453212645,0.9991436211237564,0.9993890530202996,0.9954558669382324,0.9971461184787156,0.9972968831832196,0.9975805162575456,0.9945978712995414,0.9992083097508055,0.996092134451132,0.9931784518075044,0.9630084052295054,0.9863219494114444,0.9958230052898944
ctrl3,233.05899163994,0.9397021874760088,0.959209168400088,0.931282949504928,0.938280222777882,0.9851389056557548,0.9806613333108491,0.9339183134723376,0.9453413189615744,0.9292549435598876,0.9249648381745909,0.9531866304994288,0.9189442394920804,0.9324135398970004,0.9707890690839616,0.940897808527592,0.9433522569345452,0.9227922521407734,0.9443467031620076,0.9430580878453684,0.9599103095858952
ctrl3,235.16951542118,0.9645921732958788,0.9484594149454868,0.929770590592043,0.95399274147185,0.9547581697559164,0.997805175999504,0.9478261982035818,0.9622563034022504,0.9752973265067908,0.993169921841468,0.9541115139868308,0.9352882675027566,0.9604523951264196,0.9580487235761916,0.9690047122402152,0.963116116840294,0.9661372045555672,0.9799908354271522,0.9843681177978094,0.9533454650381272
ctrl3,237.0880494781,0.9624214391623224,0.970297455359904,0.987795581178175,0.964128457933352,0.934202620635884,0.9603383221920718,0.9523759226912688,0.9612882528157132,0.9912286792320836,0.9156097202633466,0.9368529519481144,0.9776738027003292,0.97327074496265,0.9718105702840052,0.9395397581810612,0.9395394815982911,0.927251029956519,0.9239808679289844,0.910895493553834,0.9705803919303504
ctrl3,241.21691072898,0.9563964456275708,0.9141596523907723,0.9654718652523469,0.9676773808914276,0.9512317254868192,0.9610585719603456,0.95844229589889,0.9575232689491906,0.9470591519338966,0.9761756402227626,0.9524678960478468,0.9242022305415594,0.9118577739306456,0.9051678255676224,0.9653721679451728,0.9101943846585678,0.967105050623058,0.925958448644712,0.9340763813685627,0.952436719688058
ctrl3,248.07014470253,0.9896006767872664,0.9936044939233596,0.9970911636288802,0.996100112129632,0.9941708461842956,0.993754747336671,0.9974479121914877,0.9964996084528256,0.9968138785393962,0.9795337165708142,0.998197018068824,0.9868763510826456,0.995056201808258,0.9949590729059992,0.993629866237104,0.9922184528168166,0.9905874944623396,0.9634179294388472,0.9901267439807536,0.9985038150787068
ctrl3,249.18523701198,0.9542899432043248,0.9830297595060556,0.9461942459157932,0.9604529904592392,0.9554164667942872,0.9376736140878368,0.9528301582448364,0.9562072744830736,0.9486422657621006,0.9900152592059496,0.9443728742608396,0.942278985427082,0.952095553598708,0.9436462964426192,0.9656659685124156,0.924816240660604,0.9628808326015184,0.9543300749586774,0.978164049432626,0.9804594791738273
ctrl3,251.20052794973,0.98303513868041,0.9835947346642068,0.9733333722551896,0.9809042093700784,0.9713135399340443,0.9944328689834148,0.9740508691167736,0.9815419429548288,0.9869551623624806,0.985022282413482,0.9875928543328748,0.95909886847059,0.9705215169043776,0.9347952689348884,0.988704494047743,0.9576957572943328,0.9509061677158788,0.98605136342786,0.9886174522310044,0.9913892983764518
ctrl3,253.21692413866,0.9771483164163144,0.9701813196526718,0.957238622987084,0.9733392078578676,0.9663634579030812,0.9963032002828304,0.9680321886793728,0.9735638007548166,0.9762733034665868,0.9917117817201676,0.9674449277535084,0.9496984650000028,0.953465520633131,0.9678886452453276,0.9814214182838676,0.9548172847519028,0.9788278760782928,0.9887300588139633,0.9923343575740606,0.9601759402807312
ctrl3,254.07805575619,0.9583114992761866,0.9320479317672032,0.9732821933666842,0.9724598482874236,0.9180627041475558,0.9795925948770894,0.9787766481649725,0.9705254004673842,0.9799051113826788,0.9492704878891496,0.9628865970784668,0.9554106524001266,0.9651039726713126,0.917996384030518,0.9645404594877306,0.9499602327974592,0.9082674650873068,0.9262871731455544,0.9538761328953672,0.9523066878851544
ctrl3,254.22037918472,0.976317981974669,0.9714940662398304,0.9593586461917936,0.9741715554674112,0.9734445834441676,0.9942355214212988,0.9675833902005608,0.9737302216634884,0.9812213588698636,0.9918096391510416,0.964190311720296,0.9556473984965416,0.9651807820031004,0.9707062641769476,0.980300762369475,0.9523697212009538,0.9822125262492571,0.9874088853915804,0.9783780530263968,0.9712793916707936
ctrl3,260.07017663261,0.971550293032788,0.9355399109346452,0.9663144373564366,0.9721978899971818,0.9135075733450224,0.9885938124468688,0.9526083368776792,0.9717024395010146,0.9727352056676656,0.9508970156528136,0.946662757582812,0.9542440191999452,0.9549410325244454,0.9067999205259318,0.9711082993926826,0.9622805314744038,0.9301916125730172,0.957529836486431,0.9740745626227352,0.9149624388472876
ctrl3,260.86068789328,0.993009638071038,0.9919032278066412,0.9812981707682016,0.9818583308667236,0.98894706397555,0.9820995616403776,0.982140429902505,0.9900051021352136,0.9820060655569544,0.9869245249680876,0.9757121629421656,0.9888269997881856,0.9838483145522912,0.99034166379317,0.9894816919244191,0.9935816187271024,0.9849355622981288,0.9993617930774812,0.9229428826696692,0.992836778857169
ctrl3,263.20060388181,0.9837099623783044,0.992192237056134,0.976686190692431,0.9888606758671682,0.9448226141724052,0.9755391769734424,0.9884967801417168,0.981003520565725,0.9687891554147826,0.9964352635932788,0.9286322778415772,0.9590098390159718,0.9731650648124528,0.95812907181669,0.9849873444315088,0.9911034806237452,0.9603276104682844,0.9807044272510756,0.9623710214810952,0.9763443545524596
ctrl3,265.21650353197,0.981128030442298,0.9729213756441164,0.9739550660334656,0.9842247266331646,0.9518794827629752,0.9844619176471704,0.9817263814540066,0.9744236662841164,0.9880843964434448,0.9859272478132776,0.9351552979949308,0.9778487535451332,0.9785623406091112,0.9652637820602924,0.9857017011405192,0.9016274762874636,0.986037544683238,0.9733240578915738,0.9859024706814912,0.9474215611947192
ctrl3,267.23180893663,0.9790871930671908,0.9753759512781712,0.9568328237034858,0.9778892484909698,0.968155645290662,0.993169931687345,0.97772320833847,0.9800254809992388,0.9791806209390906,0.9925495449285442,0.9687949554710956,0.9622334899130894,0.964213879717732,0.9546987416674596,0.9881035363045126,0.9741333777571488,0.964039385579742,0.979325926143855,0.985195191999494,0.9461467278128554
ctrl3,272.08825038207,0.962621328510782,0.9531080347107518,0.962534479844352,0.9608110950662384,0.9425193836435968,0.9842136355392204,0.9613431614466984,0.9667346027666291,0.9605807891688404,0.9548456253733618,0.952254512425718,0.9517670761154596,0.9593068803923464,0.9402986739799156,0.9673109309432985,0.9592463979432422,0.945320553273728,0.9451751504565736,0.9734502573991892,0.9459557046556876
ctrl3,275.20092114985,0.968370290600172,0.9756014926665424,0.9743370245010232,0.990465848722008,0.9827561929501012,0.987106344356376,0.9869534551827602,0.9865851929182526,0.9928963606206936,0.9988825858270984,0.9586427033935208,0.9837929074894114,0.9792145983700296,0.963268910613371,0.9872262094632748,0.9710879641986824,0.9890187177710182,0.9866662310019004,0.982049636788437,0.9696494516525448
ctrl3,277.21585055514,0.9993534671325518,0.9943773468678242,0.9933050820784124,0.996375839131892,0.993707991839994,0.9901658256431818,0.9943277933392394,0.9989029670358242,0.9947331590009326,0.9951890851592052,0.993043955323081,0.9888463279924076,0.9896564819329504,0.9933279546258572,0.9987008436479468,0.990514333924008,0.9939971587733752,0.986973161358806,0.9957174760960688,0.9935258226484448
ctrl3,278.21979848376,0.9995671563031824,0.9945474493024572,0.9934405171474427,0.9976107221301922,0.9939681640182112,0.9861928680245768,0.9945816199270676,0.9984728748750792,0.9971052725681064,0.9923633476978544,0.9959562427178388,0.993426037179492,0.9954370337973752,0.995425905816177,0.9993038860161478,0.9948585508307802,0.9988896152242602,0.9852124095731162,0.9963067734807034,0.9945042109724926
ctrl3,279.23157068698,0.968395276330482,0.95467405295283,0.9471475465461175,0.9594940858810648,0.9485073933204982,0.992595113836306,0.9534402696815748,0.9678052098115856,0.9552469408203186,0.9807580661085176,0.9403965336282324,0.9268201943240502,0.9382652003608168,0.9640408480935893,0.9742597032376684,0.9385697194749422,0.9567272582809936,0.9857112608381736,0.9925186066414108,0.9403411981961922
ctrl3,280.23581264753,0.9678966513656218,0.9557509168853822,0.948090627735297,0.958337287181616,0.94803146930555,0.9935933291251332,0.9518997926593205,0.9675736989029272,0.9554359136226984,0.9834141829580296,0.9423343744619788,0.9238697791817584,0.9376413645548752,0.9626175790814068,0.9736745004754328,0.9373188916250894,0.9533050673074954,0.9860708031967176,0.9945146571616518,0.9396315497696356
ctrl3,281.24788499536,0.948716095269702,0.9242892763364006,0.9377501859620596,0.95104567833167,0.9095603073322228,0.9884011154957372,0.9451530093271596,0.9509909992101166,0.9484226407387888,0.9898626707155148,0.9158798911796237,0.9152917887958292,0.9271748463716156,0.938241791013034,0.9641919757517572,0.9185610956507432,0.918501863516156,0.9836830929291746,0.9824640632230842,0.9000428276455839
ctrl3,292.07230722706,0.985923417491054,0.9746831541681712,0.9849031273279814,0.98996395198881,0.9662342360492652,0.9864570487010405,0.9877184508448084,0.990356406210102,0.984957128921252,0.9925609544359651,0.9551278920354288,0.978030016442547,0.9634212423023972,0.935704935167636,0.9847337408347856,0.971564241391278,0.9441442422768516,0.946342387352089,0.9861420140346516,0.9642177302131666
ctrl3,294.84841903253,0.9928281222086904,0.9732031829897196,0.9855036596225162,0.9829995641608296,0.9828870629568984,0.9816925750836912,0.9773374433915136,0.9893784005460452,0.984651567837662,0.9928816237860256,0.9888723137428326,0.9883127314949568,0.97687435406414,0.9926235197043524,0.9884866292811476,0.9749165123058414,0.9908247703340264,0.9768170890286444,0.9937163979013688,0.9820562181273456
ctrl3,304.06039897009,0.9483882981215735,0.9428439721074876,0.9596935225174412,0.9490092409062012,0.9215129699891996,0.9755931876310028,0.9559123542261776,0.9577664278691438,0.9501803940796668,0.935484052855222,0.957668601067829,0.9507063894304943,0.9561261640559862,0.9305832059440154,0.9553340069692612,0.9666037166301864,0.9401354871252332,0.9450549148391052,0.9568534233169996,0.9329566599212012
ctrl3,324.28939250243,0.9848905333295592,0.9639083421630834,0.9898901205558794,0.9870538546411788,0.9889762804298556,0.9905379513700332,0.9804998990778072,0.9841856906373224,0.9825041442387497,0.9948673906196956,0.9832703884545656,0.950354767924838,0.9663657424695858,0.9936266261678788,0.9910925247250488,0.9750191913223546,0.9898943028569996,0.9749220846186444,0.9825225924293772,0.9961505331989812
ctrl3,337.03988240852,0.95385940103694,0.9728204953989196,0.9714914412533376,0.9536070145459524,0.9534580197166588,0.97679788164653,0.9661742305632884,0.966122476194622,0.9549603932613748,0.922841251807528,0.9760473434878202,0.9692790551459348,0.9678108124064714,0.9674575341655862,0.961369153539152,0.98750664254626,0.9740126247339412,0.9399979359363552,0.9631325254112424,0.95708424096676
ctrl3,389.2088689905,0.9591524244242802,0.9517466619873014,0.9355386393689572,0.928058346603196,0.952512222472362,0.9915087952321988,0.9189802260059514,0.9585978755498904,0.932289045842355,0.9534918181819648,0.930871268181728,0.9177001722578992,0.911234358366326,0.956639846025201,0.9415875569779188,0.948629648392728,0.941425803984469,0.9872583199754532,0.9941099016687148,0.9251786937163572
ctrl3,393.23843330537,0.9953279372432652,0.9950441348764836,0.9806663724052463,0.9806282424134662,0.989506758004566,0.983175471927519,0.9850836666318434,0.9914434659596983,0.98166402406994,0.9922912094617916,0.9821792338238888,0.978829427849436,0.9831004300124716,0.9931165827620811,0.9875939316065692,0.9911459753854256,0.9943695523553095,0.989772584726259,0.9865195825511712,0.9915238923755778
ctrl3,394.24246999923,0.99330567799096,0.9901986612958468,0.970929791140366,0.9784712589615908,0.990774371024964,0.9741560377490962,0.9778244435390056,0.984826204173706,0.9755935014910896,0.9895162920402184,0.9831636502634928,0.9629848037060496,0.9723280305474248,0.993743725318922,0.9837358382814472,0.9802727351706462,0.9881763740390604,0.986763772064392,0.959912624889646,0.9868609384042142
ctrl3,415.22314682526,0.9560648326059676,0.9640695530069304,0.9393936085179012,0.9389359702415172,0.9603529452196928,0.9836497104945804,0.9394760829366914,0.9514983031343373,0.9337478728315318,0.9484397945777588,0.9390828626962124,0.912899555777244,0.934022934889525,0.9700308948054952,0.9534215825321108,0.9467467206923372,0.9533196600349416,0.9937602431460992,0.9977166059762218,0.9438489490431752
ctrl3,416.22920276165,0.9701390379668072,0.9754017875192308,0.9513515971556687,0.953673551600811,0.9603635951862596,0.9823557124546224,0.9531221972602358,0.9693070194983996,0.9507850412023008,0.9661242185872434,0.958672763877606,0.9380812878602932,0.9492229155806208,0.9746543244880128,0.9648569372605104,0.9587046771764084,0.9651076174754056,0.9902364794028308,0.9936126412664824,0.9589439075622416
ctrl3,417.23978249129,0.962791937714481,0.962337416501796,0.9492930515971888,0.9370961630371292,0.9474881015983414,0.9852408943378298,0.9415942252634882,0.9579673316831624,0.9283318832528664,0.9514030766987828,0.9321329022936826,0.9343834475847828,0.9411741787479362,0.9717743489908784,0.9527009949266207,0.955884927898426,0.944563920883297,0.9910906522006864,0.994410626627426,0.915398083352238
ctrl3,421.07293719932,0.9947828822807984,0.9977606182193762,0.9960048675883056,0.9940648834837468,0.9960110489892748,0.9912801541787044,0.9956939942488752,0.9967071628250692,0.9957554960073772,0.9920424858447175,0.997263344457494,0.9950737461139592,0.9941808125193866,0.998204459128504,0.99622958055818,0.9958115350477904,0.9983144546377608,0.9798991485886498,0.9780650102487296,0.9965476049139206
ctrl3,431.25348282918,0.993470088227958,0.9575861106512418,0.9590479397583552,0.9779851367730876,0.983113883096062,0.9544183209229146,0.9787902613250004,0.9785219347343252,0.9700604472090586,0.9846017950143184,0.967606488464986,0.9710449578720514,0.9711413068108536,0.9766172223322442,0.959550805290598,0.9311242938528824,0.9794596944470404,0.9674402978665592,0.9755840502330576,0.9661956308661616
ctrl3,433.23531812981,0.9781634310166596,0.9692110509618206,0.9556218187479516,0.9573058194381948,0.9619056173175852,0.9850862683672736,0.9557089888508212,0.9727289089177592,0.950850985464084,0.9740530386971789,0.9515598726381728,0.9484437423947958,0.9393521384879672,0.9702405502114778,0.966685225604354,0.9574703796442912,0.9672651836060304,0.9916355726791316,0.9871738128802544,0.9606906218467544
ctrl3,442.24588200443,0.9748393431328578,0.9454876697341676,0.9458478545974202,0.9235956599819624,0.9419179383468504,0.9464018156910708,0.90923840692968,0.9584147664180562,0.9369354037834796,0.9267047106531496,0.9218460221522838,0.9369357048790744,0.9306161918286414,0.9449664657184138,0.948099744803084,0.941095914425606,0.972474261160152,0.9720204585955192,0.967710628735073,0.9256875066641052
ctrl3,443.25313578602,0.9847933667879843,0.9729156172558912,0.9536364857726009,0.9643427838260316,0.9696885640579382,0.9633097286811446,0.9610684753830796,0.9798047515376392,0.9703866576649822,0.9788962386339976,0.9677232548181844,0.9460026400171068,0.9627683266466972,0.9786635142144174,0.9708145173703618,0.9564277062993648,0.9453080457007794,0.9771085468397572,0.984056976394914,0.9637449137500376
ctrl3,445.27007818172,0.9642979918419816,0.9059669064090984,0.9404473836943426,0.9310021205262246,0.9149758491620598,0.9779377288057604,0.9306903951583088,0.960670209025377,0.9305663407735586,0.9549747370044056,0.9277406982237124,0.9342529399758024,0.9235192650981072,0.946555450204447,0.9422255006583165,0.9351098503310308,0.916624933138178,0.9829082125459891,0.9866127209146488,0.9089216590511988
ctrl3,458.26654423494,0.9951621345241296,0.9985999902238548,0.9957499031072284,0.9946894685882108,0.9958597245239336,0.9458103884944584,0.9965404338399108,0.9969589622123312,0.99558620195827,0.992501057390317,0.9980630392265848,0.994656010213844,0.9949207409117284,0.9963701729449472,0.9949557641320892,0.9957410551109788,0.998730330751656,0.9593493999454776,0.9827098468203592,0.99814612295863
ctrl3,459.27354316006,0.9956692326053572,0.9900952673931376,0.9886136610092991,0.9851445747825,0.9827304498529164,0.9676194262889356,0.987715626600252,0.9935878486177658,0.9865596137648524,0.9859446254641104,0.9855272112828614,0.981381583347164,0.9841425308730608,0.9878995145374944,0.989214425864278,0.987023338359898,0.9874550161707634,0.9728977480748988,0.9880551320547852,0.9816187103305868
ctrl3,461.28726488296,0.9936122906056666,0.9877147574389084,0.9869218633868448,0.9885763076489028,0.9822565392820116,0.9687900585748024,0.9834666100057404,0.9906230980509956,0.987763497465459,0.9895184237272824,0.9766453980035512,0.9819228989015664,0.984715907705854,0.9901595405673648,0.9898430769797592,0.984569619424936,0.9883107992741672,0.973656317489663,0.9865222489066572,0.9784184600045812
ctrl3,476.17762874405,0.9722508917069612,0.959530286019272,0.9622745884295556,0.9776326263290906,0.9656409987801028,0.991917482206193,0.98181016529154,0.9767659657986952,0.976379086147611,0.970284908784434,0.9656418517243086,0.9492528133167352,0.9638474069243804,0.9801752655107488,0.9774895255348132,0.9710364769428624,0.9496624837929512,0.9789676680130612,0.9894823638712912,0.9744287624393834
ctrl3,480.27120101397,0.9948861038825088,0.9959489397578748,0.9838889495456709,0.9855196076519236,0.9853425558390596,0.972890694539894,0.9883972274599137,0.9928683020751132,0.98524816995431,0.9897319841370484,0.9927549040655612,0.976770069995912,0.985601033608038,0.9935860250771475,0.9902780481729798,0.9884291294646904,0.9950077753058664,0.9857225559147076,0.9764694850694584,0.9903550980289004
ctrl3,503.26451362708,0.9942734806179028,0.9979365539538272,0.9941806317151552,0.9921382677915636,0.9895192291033644,0.9692794015647052,0.9936608996755084,0.9965244786592184,0.9928979709798358,0.9911933712709408,0.991775515037032,0.987294610431574,0.9918537720044632,0.9952914670984494,0.9947962186522163,0.9928282977190224,0.997314634564699,0.9803914800174331,0.9832262946760568,0.994766667939648
ctrl3,504.26952758518,0.9906585976903112,0.9973174740977618,0.982084190975056,0.991039830374884,0.990889470837346,0.9560550908513152,0.989610570459107,0.9932055321143868,0.989213975906898,0.989224275222649,0.986308640885356,0.9666069317585266,0.9810895483858216,0.9931112043053976,0.9906855478337084,0.9866474769571748,0.9961612341300348,0.9728284354830464,0.9697925433607792,0.9943579157119232
ctrl3,505.27907493238,0.9418963635854644,0.9783941365157356,0.9478864271258112,0.931953135403679,0.9671557064545752,0.9594142232049944,0.9329150892951992,0.9603969379154336,0.9519476801679444,0.9073712058909904,0.9463235499893936,0.918001576512033,0.9340457440462347,0.9736444943175327,0.9427280317387629,0.9485713008333688,0.9772647435811996,0.9789044106411902,0.92943043835277,0.9623931895071716
ctrl3,578.28439320962,0.9881428465579528,0.9923801589709056,0.963049581109926,0.9655201455241604,0.9782435735144452,0.9554581835575324,0.9621351612270508,0.9836981288792356,0.9668432066984192,0.966442351948132,0.9537577899217452,0.9494632693894566,0.9606027075753176,0.9844137897845484,0.9722596358962128,0.9701792933879188,0.985166068778887,0.9566687415769004,0.9299154086347068,0.9787500776172938
ctrl3,669.43939899455,0.9705379518280002,0.9636662212267056,0.9625678917037388,0.9543996710052292,0.9655497051753388,0.9715841550037488,0.973707321217794,0.9633826164578024,0.9561171764006564,0.938762368893548,0.950610931095389,0.9227514685633648,0.9513703169811756,0.9828332873108304,0.9588503563812054,0.953674977148314,0.9769806905936792,0.9856571421066144,0.9913638435702632,0.978271760276913
ctrl3,671.46415998698,0.9954810451066758,0.9918924270182794,0.9807113597418632,0.9858219620758908,0.9805265222040486,0.9708691924819738,0.9804402520986965,0.9938162563589028,0.9791864369682896,0.9962300812827476,0.9762264805744648,0.9706456082798156,0.97369906861046,0.9893055045903282,0.9916534654443262,0.9859600620853548,0.9929744925933544,0.9858225107986188,0.9907395873995134,0.98507905415432
ctrl3,672.46874873485,0.9926579237779056,0.9937153435436306,0.9785243872926178,0.9826512094816114,0.979242339922393,0.9757015448522892,0.9786112139855916,0.991382928672165,0.9772680989812488,0.9926225637198104,0.9767628300570584,0.9733877197713172,0.9697397081697692,0.98945607647831,0.9899272273355026,0.9850409801912228,0.9954907245202028,0.987831080670968,0.9911363170799148,0.9818254616952596
ctrl3,714.50542133153,0.9868185927017408,0.9916281924602164,0.9750562792364508,0.9807914990129076,0.9736669251458908,0.9631953888198356,0.9743569533873676,0.9886193927976136,0.9742475974449448,0.9880880540945916,0.9797232989140832,0.963848406126729,0.9688093327415734,0.982783030565984,0.9851174698122248,0.9758418707319514,0.9898029833062996,0.9768300948793556,0.9888725449023849,0.980561195566412
ctrl3,715.51000608975,0.971206971850146,0.9782286358312594,0.9671962929305136,0.9717001129619476,0.969782732008516,0.9756025189393726,0.966199646189284,0.9749759270144256,0.9674239982915386,0.9733998743019,0.9721221758751508,0.9551705643748072,0.9535583942497556,0.9726438742194384,0.9704319980108028,0.9743582079104696,0.9779062694483666,0.9885468652320812,0.9892241747265932,0.9640092300441012
ctrl3,716.52316846962,0.9618852732565092,0.9441591696214904,0.9461040867671512,0.9480406108939752,0.9172584074821172,0.9749314636728552,0.9343090197496856,0.9602207721124074,0.9305406189327842,0.9695257109994746,0.9381038787067568,0.9199590037711096,0.92031401083192,0.949657121723448,0.9655801108669289,0.937184105570422,0.9410378341532142,0.9837505668807376,0.989272882030498,0.9134125041650772
ctrl3,741.52253421027,0.9798304206130268,0.970186657731714,0.9591411582654676,0.9415559353124696,0.9375651000384452,0.9657581793539288,0.9439319299708196,0.9676436698914016,0.9482257236827978,0.9552568762327583,0.9392472467854872,0.9528449721586808,0.948927881798278,0.9511264563244932,0.959083985008408,0.9541178828447924,0.9499891586133504,0.9732055813891816,0.9905157019657824,0.9038598513392232
ctrl3,758.4944870645,0.9961046567951366,0.9986305903527176,0.9953918638221412,0.997060134438754,0.9922338970003166,0.9652723008865944,0.9975839888518356,0.9988676702665936,0.9962887129110448,0.9946937715426212,0.9950801544716178,0.9915637641805896,0.9939058218386512,0.9968517270040632,0.9981426575441998,0.9954368987349368,0.9987612261320734,0.9831040557192152,0.985102464445578,0.9960031096606666
ctrl3,761.51169262237,0.99960973868044,0.990053748191428,0.9908506434445744,0.99663855056325,0.9856330636531742,0.9710113895776248,0.9952169795319796,0.9991905055781054,0.9928051040112996,0.9960015854398744,0.9875933005104442,0.9758735772214236,0.9850325207251652,0.9980953648406546,0.9951039644290312,0.9899578304286908,0.990002236163185,0.9850350017065086,0.9794063539111167,0.9887765515961882
ctrl3,833.51812258925,0.9931802902825576,0.9919522970968196,0.9724352937966294,0.982453509055498,0.9823150828971378,0.9766879536854446,0.978441757635699,0.9927322681776536,0.9770576143756045,0.990762737633006,0.9835894911703088,0.9640155525228856,0.9713082507637636,0.9886481901484052,0.98997222388309,0.9815548452570174,0.992433661700394,0.9862142799325836,0.9900046350632268,0.9860210620333406
dn1,126.90479475562,0.9572834326137116,0.9464380606926336,0.9955222840613244,0.98553179964113,0.936255995089129,0.9362965804400678,,0.9479976892838192,0.9816076259615746,0.9736324394751836,0.997667005849378,,0.90123523038952,0.935649607884022,0.9983059885440996,0.979233067997834,0.9967707106188444,0.9658302578543372,0.9225729072090156,0.9568171412741348
dn1,176.93578236842,0.9822126871532644,0.9947933600058034,0.945072328829909,0.9485354679120706,0.9493694035363291,0.984199110682228,,0.9877147947099716,0.986586160227396,0.9755642308916478,0.940229057339967,,0.9745726253039744,0.9943923448904476,0.944952871747474,0.9827044461068868,0.9526617790402764,0.9451995999335931,0.9932772737269926,0.910840884583055
dn1,231.02746798817,0.9833438302816871,0.989750147845637,0.9740831533724156,0.9407811467576984,0.938032854448111,0.9879872802495182,,0.9773984427412254,0.9828883014859048,0.955408670375124,0.9646881083539092,,0.9505803243929808,0.9859909231617328,0.9711008288330878,0.9851615793504528,0.97384681252952,0.9758715707463848,0.9859893478389784,0.9534610894707316
dn1,277.2172366366,0.986873764610166,0.985526714080642,0.9874756971240732,0.9963157376523109,0.9910648417305992,0.9884822659741042,,0.9785352448117732,0.9845483528124284,0.9972852479756256,0.990975496413948,,0.9903403835253848,0.9858537326261868,0.987914804670994,0.9871905414633808,0.9920556407892424,0.9971449380902476,0.9883891952641216,0.9827588500651608
dn1,278.22118958497,0.988117204864025,0.9890702549749182,0.9879519838506708,0.9932033460158382,0.9954779686036508,0.9899085819895672,,0.9796654798301084,0.9895601797892316,0.995832910334494,0.9931613558397668,,0.99163393014839,0.9904098973499263,0.9886992080000228,0.9801577844118916,0.9959293236969448,0.996497364295624,0.9942164012335356,0.972258536831658
dn1,393.24039950066,0.9550973609272718,0.9770755771333138,0.9808122884286422,0.9897016972300424,0.9594856559036028,0.9690242009325578,,0.9392891124434334,0.9629117226246268,0.9927112210334784,0.9724008506495044,,0.9959064131978428,0.9783647750272224,0.9815760972210148,0.9488438595561596,0.9916831919812726,0.9864342081089492,0.9756453539770732,0.9912992160273252
dn1,421.07504256736,0.9965413059764952,0.9971746545733372,0.994912218380607,0.99237853763592,0.9626102507248876,0.9972264253440332,,0.9964574886847828,0.9972642324101448,0.9895235670445304,0.996466526400648,,0.9967899923839456,0.9976048943502828,0.9944031592834834,0.995758984626636,0.9979391386061832,0.9943196158845352,0.9984534442574976,0.9637569452695868
dn1,459.27354316006,0.9426197457002587,0.9510599341628811,0.9516965447635916,0.9752158952510428,0.9486284803077348,0.9700557169657448,,0.9811521219432958,0.9716399843032524,0.980944800223553,0.9706408416441236,,0.981807053438608,0.9701314999571596,0.9568259230178616,0.9416059263627752,0.971848963415396,0.9805449864230562,0.9688221890645464,0.9728449499088744
dn1,461.28726488296,0.9592129926224804,0.9569831638882867,0.9236551241830236,0.97750294512071,0.9426016845175796,0.9546080174236036,,0.9727222217892958,0.9736281823570327,0.9820387794585868,0.9550679452490324,,0.9850481029013768,0.9671099994653382,0.9376367093628524,0.9368469335240256,0.9622515142439284,0.9855164910913418,0.9657771083147786,0.962272853093436
dn1,480.27120101397,0.976698053062098,0.9881597802874066,0.999059417718215,0.9809167928337312,0.9128917785729206,0.9854251139927884,,0.9597874047134692,0.989107831795384,0.9868787985769184,0.9988336636095132,,0.9925401726953854,0.9920003450534016,0.9982802019801802,0.9692264503289544,0.9993079332074412,0.9904533999389228,0.9936738328679708,0.9919642526862956
dn1,503.26451362708,0.9851034449107812,0.9895547876403262,0.9951445623539632,0.9837397316096512,0.959014917496287,0.9920064901455232,,0.956869216916196,0.9930405976955704,0.9855247553908004,0.994099807006451,,0.9930281215449404,0.9915979483171228,0.9923368930820308,0.9844954938549126,0.9973948883908534,0.9989046544331605,0.9944783273209348,0.9891972280876382
dn1,504.26952758518,0.9429810757103916,0.9596848630666022,0.9780338016059008,0.9805215263942192,0.9132092854305732,0.959124752321468,,0.9460887674862176,0.9703364109687,0.9861506022729156,0.9804652458819968,,0.9962685565125616,0.9621099965683813,0.979844704248202,0.9349942687117484,0.9826200036642292,0.9932568051684484,0.9752313364913828,0.9856252990674956
dn1,671.46415998698,0.9785691454862566,0.9880275416425732,0.9887357209924575,0.9901809137607492,0.9745611099907476,0.988139258927184,,0.9540489011349436,0.9885954910202784,0.9926080238401204,0.9909501748161876,,0.9928480477239888,0.9874936946892126,0.9897346631204992,0.9686597231489684,0.9924248406088966,0.9973670823972308,0.9881920463984062,0.9959817206167616
dn1,672.46874873485,0.9816150352660318,0.989371595632304,0.9893030837298562,0.993104660175389,0.9743025200411892,0.9855990686802586,,0.9700909521951526,0.9883122625502782,0.9911650906928152,0.9904352053697062,,0.99481961192496,0.9879496983511782,0.9858242121298512,0.9746759004349136,0.9941272393476835,0.9955266924451142,0.9902126757371243,0.994533214361852
dn1,714.50899386431,0.9772639403105636,0.9774012172001454,0.9778509485793596,0.9831164321649823,0.96875037047819,0.9837586685848378,,0.9436530807416807,0.9862023618885224,0.987386630664868,0.9816420744928888,,0.990238880041238,0.9836985211308964,0.978385173837247,0.9592570102263676,0.9836717937934256,0.9949526433498522,0.9846537163745224,0.9744915759548612
dn1,715.51000608975,0.9433202312060114,0.9563575722749876,0.9391792943404996,0.9952338181969111,0.9549318341086758,0.964636084763384,,0.9505609909319008,0.9623217494791813,0.9963438444109696,0.9717960376635252,,0.9980998209697683,0.9644964272501092,0.934425647832946,0.9243106204666852,0.9493385544540552,0.9874456508468128,0.962053778345845,0.9935005454207956
dn1,744.49083927447,0.9855964546384738,0.9870174771914216,0.9950723758095524,0.9849670817561332,0.9558969043147186,0.986080814629306,,0.9911463336993516,0.9886895391741944,0.9874736144574018,0.990784837505814,,0.9930543658479342,0.9930356016894628,0.9915423612099432,0.9751874541653284,0.9983565926461088,0.9983999701400172,0.9944824731411108,0.9910398971096054
dn1,758.49827954296,0.9968602829439196,0.9963483701410004,0.998714186572984,0.9870156708782868,0.9694632959226122,0.9950278780467564,,0.9919610065480252,0.9936386542412108,0.9900759291973216,0.9985146623800992,,0.9936156463254278,0.9964233340272076,0.9980345183584264,0.9951740620011336,0.9996429087948716,0.9974869424603257,0.996317651550838,0.9882106598906688
dn1,761.51169262237,0.95105293128381,0.9724819709069572,0.9715879003163612,0.9943251296536048,0.9520273779880246,0.9659103647438344,,0.9301337577582042,0.97497460606726,0.988620391528914,0.9814069374301422,,0.9975693127223544,0.9825867198812912,0.9679434608171033,0.9486909617257588,0.9816036850793612,0.991729725653522,0.9888615769522752,0.9980526275597512
dn1,833.51812258925,0.9712833317830284,0.9816587368513476,0.9893420165391978,0.9917516540281788,0.9657946779020736,0.9804097749741676,,0.9462464619321498,0.9817937560744248,0.991892721309266,0.985817577153986,,0.9936592718380876,0.9837179263856198,0.9875589809823264,0.958425550407279,0.9937902701373902,0.9970249319745343,0.982790615056558,0.9956685036292406
dn2,96.969587905343,0.941327168324234,0.9729675283370112,0.9563279164060534,0.968016523038616,0.9779102956420808,0.946060239932681,0.9793754802675192,0.9817785804133872,0.9495795144786912,0.973722613903044,0.9220851817561624,0.9293115240413928,0.9481667988165414,0.9250684892947104,0.9001702566871052,0.924980755907204,0.9619918726874712,0.9752553940276154,0.9738718629032508,0.9652462933050682
dn2,132.02972963141,0.9603931910149602,0.9368654171382343,0.9532064546065584,0.9341703634585168,0.9600980173278182,0.9646161279159964,0.9562224155164428,0.9514560185795268,0.9401843769469664,0.9551591936279704,0.9244845007805268,0.9009947697486228,0.9572847849176422,0.9512843387702032,0.9625196176431128,0.9252294357757024,0.9377265406962324,0.9333279429704916,0.9709022005283336,0.9543413452003832
dn2,145.06139056687,0.9812040967692984,0.9260149323600562,0.9325416040316596,0.9744412210859092,0.9479147790336764,0.908455465975628,0.9262897692563984,0.93784596932687,0.9892759287467836,0.9445853096623802,0.9515377897337938,0.9047294269964304,0.9329645185341204,0.9841525285593528,0.980950507339928,0.9698141137573798,0.9064746572089016,0.939178957371609,0.9013743088873296,0.9402934918312988
dn2,158.92493009626,0.9279835753533856,0.9382337518644366,0.9312694409624768,0.9580349842150844,0.9364345484388632,0.9154583075737758,0.9461338918963582,0.9498753604501484,0.953617931615608,0.9301520322254648,0.9204335878212236,0.9481240322794338,0.917169436835254,0.9298223068686142,0.9079339764816609,0.9401478297355536,0.9452174904900732,0.940309721935828,0.941667710990582,0.9350289913320434
dn2,176.93578236842,0.986105972672446,0.9977097734849074,0.9812302822669268,0.9852201728022286,0.9917960179972888,0.9863733897080796,0.997768380788227,0.9855116551866204,0.9898290811215174,0.9838509541391196,0.9556689685225476,0.981528167754123,0.9846980590664188,0.982257141990691,0.9648724706401935,0.9912757883768047,0.9975230985327618,0.9954526372496856,0.9800547067223768,0.994289022777477
dn2,223.02673330558,0.9549612921243812,0.9790805142097838,0.9825150980665174,0.9839229671996816,0.9602113201235088,0.9835040624000272,0.9731518947355003,0.9349703567273367,0.9858936470530366,0.9706232143528296,0.9796397909504864,0.9963470170916516,0.9665901144140222,0.9877905820964992,0.9595283127366618,0.9211352680680064,0.986780206669635,0.9884551160026122,0.9726021864904288,0.9960850218174578
dn2,231.02746798817,0.9716451415814584,0.9816800621034604,0.986875764171098,0.9806312418648432,0.9906393103549213,0.9896902944242066,0.9804627471583744,0.9875666387564968,0.9848377412487708,0.989185769468421,0.957076949833822,0.9917012414617355,0.9924076867428614,0.9706611504167236,0.9703939337487456,0.980432675197504,0.9804993821900776,0.9806580273874128,0.9920609049132848,0.9897769958267896
dn2,253.21692413866,0.953689893213994,0.9502324317984616,0.9457320805799232,0.9459894296639656,0.9610489063935452,0.958549175140742,0.9507103043980578,0.9511593091099464,0.944731449853529,0.9393492150839226,0.940303534943248,0.9321800265167126,0.9445240361305816,0.9326595811720086,0.9605300268297678,0.9286882095044302,0.9611727057371922,0.9576845145687088,0.9527333503182952,0.945839148068002
dn2,254.22037918472,0.9185386541159052,0.9410482982986148,0.9314787372097189,0.9068469752590824,0.961964298123638,0.9605450322098316,0.947186691708309,0.9568716697643256,0.9036596371403796,0.9470067608819815,0.9578803566198378,0.9285714368716088,0.9435145707905624,0.934045208700912,0.9418628455988786,0.9787176744327564,0.9620924761050612,0.9476006510102224,0.9719406538423924,0.9251252545942268
dn2,267.23180893663,0.9096423205820948,0.9556419777988368,0.9680737617149467,0.9120149451156484,0.9447186094799208,0.986538666137424,0.9597600848671074,0.9587403738609852,0.9279394589905356,0.9336978723894596,0.9590586810815324,0.918354208410698,0.9400108469269068,0.9288617052102636,0.9567336233889612,0.9547721960980972,0.9661043430762012,0.9604533950572762,0.931242342463374,0.949572123171558
dn2,272.08825038207,0.9666412469880316,0.958833221454106,0.9651544242476636,0.9795107032936364,0.976798438116296,0.948243996179028,0.9601188466198124,0.9732347304378742,0.9760869284084088,0.9746538391782984,0.9695309733793932,0.9360605845330544,0.9658548402528828,0.9756315957357444,0.9359778080985282,0.9677789949589054,0.9466509892088985,0.971841691138856,0.9515943436514008,0.9694559462217862
dn2,277.21585055514,0.9943181056408824,0.9951562569421072,0.9903796657376444,0.9879310112371984,0.9954903076862014,0.990211150861627,0.9931400846178706,0.9955571831807988,0.996159271945614,0.9948528630541644,0.989634786849476,0.9830076010625376,0.9912682441703108,0.9936082614202122,0.99214443825186,0.99190989349136,0.9964945354424796,0.9950196000250132,0.9797702436001888,0.9935865462511884
dn2,278.21979848376,0.9950633505909044,0.99830174353878,0.9948738167916114,0.9952688042266008,0.9977940901206858,0.9870641128798427,0.9955555078198532,0.9997207288298584,0.9979713898404544,0.9962492701168508,0.9797799785569924,0.9640612255336092,0.9940603060991988,0.9975658701822524,0.9978963543818732,0.991560968296082,0.9985854067623,0.9977382072412646,0.9897320109445646,0.9952423441668686
dn2,278.87020016974,0.9307427959635955,0.9223306479885356,0.9424177800955412,0.978196038250986,0.9315831574549244,0.9118982128170026,0.9277266559805274,0.9573932198505316,0.956324357829548,0.9328941632395122,0.9086998990296746,0.9205250907648396,0.912064166223388,0.9178778587640118,0.9127206787544108,0.9325319734656272,0.9373444592228568,0.9410144910803684,0.9413475895745794,0.9474495173372496
dn2,311.11615824211,0.9267548883790886,0.994203477491549,0.9648495629082218,0.9842231240232272,0.9766205580026338,0.9713634140871632,0.999557644679676,0.985978958193232,0.94171615078992,0.9813758765204528,0.9484892048290908,0.9717312415744516,0.9656891548053762,0.9613768966414032,0.9191112396619722,0.9426305774998368,0.9963972272709878,0.990536705460913,0.9072200963474676,0.9759571440578372
dn2,337.03988240852,0.9653196109138876,0.9591206965663698,0.979698028821458,0.9922559167154776,0.9837679495123528,0.9350244127756324,0.9613455137197596,0.9763746043520376,0.9912084335174576,0.9839950589168184,0.9829501515797342,0.9798748316511784,0.9780925704457762,0.981686673566384,0.9484269292132068,0.9917578663242927,0.937315207917248,0.9665013149658004,0.90304671148175,0.9779677065849915
dn2,393.23843330537,0.9941858338037692,0.9966422660002966,0.9851587817977812,0.9987568316568172,0.9921911725738518,0.9791416617386488,0.9983036001214566,0.9973380721122712,0.9956225829768014,0.9944360323202156,0.9875698700611644,0.9482080790795197,0.9774516583501336,0.9941318574859008,0.9888458956422626,0.982226700477995,0.9943908983357514,0.9969679603320096,0.931873631679917,0.9922532791962604
dn2,421.07293719932,0.9989878232806082,0.999004780787318,0.9988736697961876,0.9972910634211998,0.9995192856193738,0.99842148096545,0.9985292043347734,0.9989473044249234,0.9981426533008816,0.9973682364745812,0.9980374235958176,0.9939312760276312,0.9991096258202862,0.9991137732317912,0.9988699866994816,0.9992649669741168,0.995142548758516,0.9990136307735912,0.9739247935152135,0.9992875234229656
dn2,458.26654423494,0.999413269768761,0.9983968519982918,0.996191135421125,0.9986156973038908,0.9973286480727692,0.9872071001754298,0.9989266614316084,0.997513413726334,0.9990799879119626,0.9984554488375448,0.992640029698622,0.9473542081294388,0.9895363286720616,0.9986659667762982,0.9991935243864724,0.9957685957801056,0.9971841819169178,0.9986862314014652,0.9660479735513092,0.9975479588769732
dn2,459.27354316006,0.9899737824204818,0.9846282412849432,0.957574987298758,0.9930764041459684,0.9902231826179044,0.9456785613596592,0.9916527137778852,0.984808345438777,0.983088072454712,0.989767701017995,0.9893131669485152,0.9263942236184092,0.9543996428024984,0.984127550127147,0.9919032793918636,0.9607546724558576,0.9851205220024096,0.9889582091417598,0.9204632318774486,0.984599160863029
dn2,480.27120101397,0.9969433502236502,0.9919029328139584,0.994118555335164,0.9961363730332596,0.9940338701343088,0.9939669237838747,0.9945523407503952,0.9961026481264832,0.9939915375566089,0.9955244458033552,0.9984331316849934,0.9753354047953332,0.9957775570548054,0.9938980870769912,0.9946333057691328,0.988622325496844,0.9872722978229432,0.9931605949864688,0.9726587422897056,0.9946582978612664
dn2,503.26451362708,0.9978349416221384,0.9972761274691736,0.9930379773168676,0.999365289078266,0.9976451103067948,0.983943849622234,0.9984138661266836,0.9985516579762737,0.9965853304923078,0.9965938523605664,0.9977451129588918,0.9759367066089014,0.9907428231199432,0.9982097444169388,0.99501022354298,0.996374918522216,0.9957251495332096,0.9998736701150168,0.941148905397658,0.99654654216261
dn2,504.26952758518,0.9932789997678272,0.9861565019671962,0.96181533563677,0.988241728242854,0.9871643782350163,0.9419405087543428,0.991874844410172,0.9842612147866762,0.990427421547755,0.9850999795647356,0.9807525239997308,0.901262190849514,0.9506669855330494,0.990998301382336,0.9896232069390104,0.9761349230316896,0.9856664110791749,0.98864749079674,0.9169710895190506,0.97837570630031
dn2,595.12457377191,0.9690357658807024,0.9611804524891344,0.97693130372429,0.9894228871351124,0.9793371901766318,0.9452296183368872,0.9591500528530068,0.9756032634421709,0.98846971758602,0.9840687334507852,0.9911877164968648,0.9637873108515542,0.9760994364536156,0.9773690142541002,0.9467846511007638,0.9941830425364464,0.9352769768471816,0.959652232880934,0.9410681623913764,0.9814115796680052
dn2,671.46415998698,0.9956074264537456,0.998786446201632,0.9942567052389591,0.9994240730234786,0.999445144373273,0.9855993296878046,0.997582557133564,0.9994854417744258,0.9971131853623796,0.998895412759531,0.9981788287280666,0.9788109389195696,0.9897091930961458,0.9971380389563964,0.9910212602186566,0.994462429036056,0.9984490886861822,0.9996224382795345,0.9825379522169856,0.9963706964882442
dn2,672.46874873485,0.9930501768833336,0.9979974905724608,0.990624276244415,0.9992326550448798,0.9994210275476256,0.9897015365500192,0.9983979965337272,0.998488983587878,0.9978970519070034,0.999728476237118,0.9950007156529266,0.965255779249806,0.985725171760208,0.9943088711003336,0.9913424142238983,0.9887307300714768,0.9973500483340876,0.9997506971574428,0.9800133934482986,0.99788655313641
dn2,744.49083927447,0.9995388897099792,0.996121140287641,0.9943932460797932,0.9967423274774094,0.9972889185107487,0.9967790374369642,0.9955689066701368,0.9938078523868072,0.9946761637075862,0.9966439093893452,0.9945677661036814,0.9862884938349514,0.9936238503585226,0.9992653839599028,0.9981960682309136,0.9943017071236642,0.99465188664596,0.9968525051305824,0.918470318048508,0.9984693484915278
dn2,758.4944870645,0.9974267100442844,0.9938907362210924,0.9995153911934954,0.9934503901512842,0.9930329864249886,0.9968464854078118,0.994247568501771,0.9946265457683204,0.9947022397454884,0.9890925761157742,0.9971628045120748,0.9930028150294954,0.9997351547824952,0.9984008616699116,0.9978261018706792,0.998347496683193,0.9963366490276592,0.9961543815668382,0.91978205084204,0.9979483487795774
dn2,761.51169262237,0.9972410370289616,0.9850159984324574,0.9880124494645762,0.997545137051884,0.987471875692892,0.9646718111201904,0.9855992986506544,0.9910206144055522,0.9854849293317656,0.9927542592122564,0.9856215176122222,0.9449400802860644,0.9751349764415882,0.9968904935535016,0.9963842918889732,0.9975877966920276,0.978110361624504,0.9901922558043796,0.9309752770784808,0.9922156797835932
dn3,176.93578236842,0.9881554279816944,0.9857583663725202,0.9855017778258396,0.9934908891338072,0.998231197867718,0.9707204052034888,0.9891695224737356,0.9957926293426193,0.9977455822689026,0.9890815536191676,0.992324933462287,0.9786267662745584,0.9919055842467512,0.9766850920250228,0.9783007878060018,0.9978410951338076,0.986756147902828,0.999170514373031,0.9944132206291836,0.9382791834567706
dn3,277.2172366366,0.9906291419895809,0.9821279529544504,0.9859532295090236,0.9898729809023434,0.9891266162226876,0.9993795745556924,0.9803940317707556,0.9989271568569162,0.9927741273822982,0.9878758991690592,0.9908454826392744,0.9959875764179223,0.987828172482192,0.9885663620979256,0.9920898931034452,0.990332609191833,0.9837715140468748,0.9887027304170896,0.991833070320616,0.992255598459739
dn3,278.22118958497,0.9941294999728228,0.9610249821871067,0.9869810294811522,0.98647519036944,0.9898478284875012,0.9992270357566084,0.9842335848528954,0.9974452688634324,0.9874210720968898,0.9861273121453104,0.9928536155446798,0.9936495692767544,0.9892048307850836,0.988757622704615,0.9932651490307322,0.9838862273486388,0.983257626709063,0.9893213643043988,0.9932873683766574,0.9747238586364704
dn3,324.29101395197,0.98477154913553,0.9984201300258696,0.9674552773810704,0.9428969879200126,0.982778325296776,0.9282798581392396,0.9591946821504018,0.9822162787819948,0.9995230682509176,0.9712873137846058,0.9952286470283892,0.9540797974387314,0.974425772374414,0.9964355338589076,0.9969012940275462,0.9921842837989888,0.9879044617385416,0.984050166746894,0.9565889415224336,0.9925485466897278
dn3,393.24039950066,0.9896221373363238,0.9777678002676728,0.97319687889577,0.9880488164646254,0.9792749059468436,0.9773571567510014,0.975334023555947,0.9983425962622856,0.9784279017511576,0.9691328552200136,0.958043453957697,0.985081278391584,0.9680880053520988,0.9867958593552768,0.9865377765921416,0.9714530994249972,0.971637645243204,0.984578670178158,0.985870183899348,0.9871234754749044
dn3,421.07504256736,0.9992039230783802,0.9974425760859836,0.9991754942008904,0.9925439320272524,0.9992084644210574,0.9771335192039786,0.998832712081036,0.999373563615207,0.999330619099192,0.9996648205027634,0.99893757520244,0.9828545793508828,0.998948192905609,0.9981784954806976,0.997963079872694,0.9986368437500024,0.9998863916086648,0.9993572524407386,0.9991845405494552,0.9930740974084968
dn3,461.28726488296,0.9592297383957832,0.9580628686879996,0.9518121140619484,0.9702592780616992,0.95390003984151,0.956157577184415,0.9583161305494176,0.9874945331337482,0.9494904636680284,0.9470220614923804,0.9403897363460982,0.9693180596234724,0.9262150611971072,0.9631715119248532,0.967360091990909,0.9296864257724888,0.970594924023181,0.9661843893943076,0.9606970919761244,0.9411006752547616
dn3,480.2736023738,0.9961844114956684,0.9919526232860956,0.9930234484998072,0.9682444211980368,0.991957847076233,0.905315426204309,0.9937830772696328,0.9890126263256408,0.9930026985979348,0.9812933252835556,0.99210337477619,0.94224706680219,0.984628595306194,0.9969858799889764,0.9976663137720008,0.9461777938110514,0.9952916283356674,0.995343965702256,0.9957835409628116,0.9438699101534525
dn3,503.26451362708,0.9959581606611289,0.9982390375272934,0.9876621693850474,0.9786520325526966,0.9904810362561384,0.9707190828152042,0.9933119453368356,0.9941361629054716,0.9984970704141046,0.980027942821376,0.9946492947525956,0.9732539105362136,0.9861100544278922,0.9976369277755254,0.9967923880447068,0.9759436149430596,0.9956945289757142,0.9943960339293676,0.9910963964175284,0.9611496019161644
dn3,671.46415998698,0.996931280054869,0.9974456440187532,0.9887476523142796,0.984586588991542,0.9926143918417044,0.9803859890668254,0.9888187665330872,0.9974187337226204,0.9949713306874192,0.9792865688763492,0.9941319027079346,0.9801146555238044,0.9884789015629614,0.9946512308092188,0.9973572782657294,0.990702918326281,0.9934617742576892,0.9957884700697996,0.994240909638651,0.988781596069731
dn3,672.46874873485,0.994720137724243,0.9969430270056744,0.9805470312451952,0.9855073205666444,0.991408122844032,0.9759524517048654,0.9874088596421224,0.9964878563659274,0.9932791371891896,0.9707593629643584,0.9892100939422844,0.9789760854622488,0.9856342551238424,0.9936030502082333,0.99473721115319,0.9866457826164052,0.9898278766955044,0.9943061769028996,0.9912402126936138,0.9846441590049912
dn3,714.50899386431,0.9907836759440164,0.9915389485769408,0.97772431714407,0.9794015636080076,0.9732407773758472,0.9799949623800572,0.9804346280982266,0.9977116212255585,0.9852402278694966,0.9648091770409544,0.9814973097495536,0.9770067475331716,0.963752467746684,0.9907202363702426,0.9912084527233652,0.9829942566727355,0.9882389135842868,0.984098944769597,0.9816460229150232,0.972091174915696
dn3,715.51000608975,0.966917443060606,0.9866620308645538,0.9335132146659194,0.9849339084965718,0.952223630241234,0.9638544619415416,0.9481529095299284,0.988510829808315,0.97728184025495,0.9299548138105584,0.9516635008422172,0.9743366488879188,0.9322052246824536,0.9616377803847946,0.9695385620234463,0.9577540638643404,0.9562560225480374,0.9622052968919148,0.9556211109590336,0.9876907986279756
dn3,744.49456173459,0.9960063486759028,0.9916636820981308,0.983617204828704,0.9783765064342832,0.9871070408032198,0.9659669158658868,0.9915762949132648,0.993008162054662,0.996080144741754,0.9729678910283408,0.9903275413599392,0.972233278495214,0.9736349123780286,0.9984933497719553,0.996541415106113,0.9571956228550318,0.9935219543830444,0.992923808442162,0.9887596134620548,0.9629355818490584
dn3,758.49827954296,0.9965266756766809,0.99358488644148,0.9966697239344464,0.9804087372564964,0.9969507777120667,0.9791626903731993,0.9991985978832836,0.9983711053641908,0.998472418340646,0.9942810226919564,0.9975582499413976,0.9743731903589404,0.9951511685233444,0.9973885996430236,0.9993212762724466,0.9849477603001546,0.9984663120578308,0.997288312054896,0.9970922100816884,0.974579343746403
dn3,761.51169262237,0.980778332315162,0.9868341931712844,0.9500146718400236,0.9834839408674714,0.9615052021805828,0.949330941001392,0.9765381218913344,0.9916829779704864,0.9825350309349056,0.9205287681372478,0.9581757170359751,0.9728191699068304,0.9402879639490652,0.9854437173166436,0.9912675212285592,0.9437291390745736,0.9838342608080236,0.9699783459765988,0.9700785591326592,0.9778186362332636
dn3,833.51812258925,0.9913816324873764,0.9886015268075966,0.9751790397853312,0.984251014499781,0.9819375298828024,0.977888868774312,0.9783102360874522,0.9978448353231132,0.9850893847555808,0.9631348325281472,0.9782970435258936,0.9790908692299626,0.9711351918522784,0.9891510801149076,0.9935574354807096,0.99311026509542,0.9828842675488908,0.986213433002236,0.9890265720791586,0.9809156556541836
